,AlgName,Acc,Recall,Precision,F1,Set
0,IF,0.4398744631648497,0.4398744631648497,0.4398744631648497,0.4398744631648497,Train
1,IF,0.7484053862508859,0.225531914893617,0.2345132743362832,0.2299349240780911,Test
2,LOF,0.5434423521638586,0.5434423521638586,0.5434423521638586,0.5434423521638586,Train
3,LOF,0.874202693125443,0.42340425531914894,0.7031802120141343,0.5285524568393094,Test
4,KNN,0.97001982160555,0.9400396432111001,1.0,0.9690932311621967,Train
5,KNN,0.6208362863217576,0.4021276595744681,0.19325153374233128,0.2610497237569061,Test
6,DBSCAN,0.5,1.0,0.5,0.6666666666666666,Train
7,DBSCAN,0.16654854712969525,1.0,0.16654854712969525,0.28554070473876064,Test
8,SVM,0.9264948794185662,0.9273207796498183,0.9257915567282322,0.9265555372173625,Train
9,SVM,0.39546420978029767,0.674468085106383,0.1695187165775401,0.2709401709401709,Test
10,IF,0.43581983265088126,0.43581983265088126,0.43581983265088126,0.43581983265088126,Train
11,IF,0.7950907150480256,0.36538461538461536,0.38,0.37254901960784315,Test
12,LOF,0.5809150792237849,0.5809150792237849,0.5809150792237849,0.5809150792237849,Train
13,LOF,0.8690857346140164,0.405982905982906,0.6785714285714286,0.5080213903743315,Test
14,KNN,0.9652839594089372,0.9305679188178743,1.0,0.9640354112873478,Train
15,KNN,0.4646033440056919,0.49572649572649574,0.15456362425049966,0.2356526155408837,Test
16,DBSCAN,0.5,1.0,0.5,0.6666666666666666,Train
17,DBSCAN,0.1664887940234792,1.0,0.1664887940234792,0.28545288197621227,Test
18,SVM,0.924247819120527,0.9286095780665836,0.92057889163431,0.9245767969511656,Train
19,SVM,0.3646389185343294,0.6517094017094017,0.15819502074688796,0.25459098497495825,Test
20,IF,0.4930091185410334,0.4930091185410334,0.4930091185410334,0.4930091185410334,Train
21,IF,0.715195246179966,0.125,0.129973474801061,0.1274382314694408,Test
22,LOF,0.5425531914893617,0.5425531914893617,0.5425531914893617,0.5425531914893617,Train
23,LOF,0.8709677419354839,0.413265306122449,0.6864406779661016,0.5159235668789809,Test
24,KNN,0.9639057750759878,0.9279635258358663,0.9998362534796136,0.9625601008906755,Train
25,KNN,0.5012733446519525,0.4642857142857143,0.15867480383609417,0.23651721897335928,Test
26,DBSCAN,0.5,1.0,0.5,0.6666666666666666,Train
27,DBSCAN,0.166383701188455,1.0,0.166383701188455,0.2852983988355167,Test
28,SVM,0.9253799392097265,0.9247720364741642,0.9258977480219112,0.9253345498783455,Train
29,SVM,0.34974533106960953,0.7270408163265306,0.16666666666666666,0.27117031398667935,Test
30,IF,0.48481711525189786,0.48481711525189786,0.48481711525189786,0.48481711525189786,Train
31,IF,0.7415458937198067,0.20579710144927535,0.21385542168674698,0.20974889217134418,Test
32,LOF,0.5810041407867494,0.5809178743961353,0.5810181190681623,0.5809679924079028,Train
33,LOF,0.881159420289855,0.4434782608695652,0.7391304347826086,0.5543478260869565,Test
34,KNN,0.9702380952380952,0.9404761904761905,1.0,0.9693251533742331,Train
35,KNN,0.5594202898550724,0.4811594202898551,0.1846496106785317,0.2668810289389067,Test
36,DBSCAN,0.5,1.0,0.5,0.6666666666666666,Train
37,DBSCAN,0.16666666666666666,1.0,0.16666666666666666,0.2857142857142857,Test
38,SVM,0.927536231884058,0.9208074534161491,0.9333683105981112,0.9270453361125586,Train
39,SVM,0.49468599033816424,0.5797101449275363,0.18165304268846502,0.2766251728907331,Test
40,IF,0.5065241314258765,0.5065241314258765,0.5065241314258765,0.5065241314258765,Train
41,IF,0.7350299401197605,0.18562874251497005,0.19314641744548286,0.1893129770992366,Test
42,LOF,0.5294764974060683,0.5294764974060683,0.5294764974060683,0.5294764974060683,Train
43,LOF,0.8707584830339321,0.41317365269461076,0.6865671641791045,0.5158878504672897,Test
44,KNN,0.9747681182204055,0.9495362364408112,1.0,0.9741149907265544,Train
45,KNN,0.4545908183632735,0.5598802395209581,0.1650485436893204,0.2549420586230402,Test
46,DBSCAN,0.5,1.0,0.5,0.6666666666666666,Train
47,DBSCAN,0.16666666666666666,1.0,0.16666666666666666,0.2857142857142857,Test
48,SVM,0.9446627888696746,0.9427762930356862,0.946346851822629,0.9445581981414396,Train
49,SVM,0.26397205588822353,0.6706586826347305,0.14096916299559473,0.23296931877275093,Test
50,IF,0.5758637159687948,0.5758637159687948,0.5758637159687948,0.5758637159687948,Train
51,IF,0.7614035087719299,0.26506024096385544,0.275,0.26993865030674846,Test
52,LOF,0.5452953351377169,0.5452953351377169,0.5452953351377169,0.5452953351377169,Train
53,LOF,0.8726817042606516,0.4186746987951807,0.695,0.5225563909774436,Test
54,KNN,0.9562967680305684,0.9125935360611368,1.0,0.9542995088653958,Train
55,KNN,0.7012531328320802,0.4246987951807229,0.25824175824175827,0.3211845102505695,Test
56,DBSCAN,0.5,1.0,0.5,0.6666666666666666,Train
57,DBSCAN,0.16641604010025063,1.0,0.16641604010025063,0.28534593897722393,Test
58,SVM,0.9016080241999681,0.8498646712306958,0.9479666133901616,0.8962390866353257,Train
59,SVM,0.5388471177944862,0.6987951807228916,0.22053231939163498,0.3352601156069364,Test
60,IF,0.586618681498446,0.586618681498446,0.586618681498446,0.586618681498446,Train
61,IF,0.7454873646209387,0.21691973969631237,0.22522522522522523,0.22099447513812157,Test
62,LOF,0.5470309177163423,0.5470309177163423,0.5470309177163423,0.5470309177163423,Train
63,LOF,0.8620938628158845,0.38611713665943603,0.6425992779783394,0.4823848238482385,Test
64,KNN,0.9751349582856208,0.9502699165712416,1.0,0.9745009226639826,Train
65,KNN,0.35342960288808667,0.6572668112798264,0.1565082644628099,0.2528160200250313,Test
66,DBSCAN,0.5,1.0,0.5,0.6666666666666666,Train
67,DBSCAN,0.1664259927797834,1.0,0.1664259927797834,0.2853605694831322,Test
68,SVM,0.9303124488794373,0.8910518566988386,0.9669802946919936,0.9274646688234294,Train
69,SVM,0.41913357400722023,0.7049891540130152,0.1807563959955506,0.2877379371403275,Test
70,IF,0.539298473530367,0.539298473530367,0.539298473530367,0.539298473530367,Train
71,IF,0.7189705271897052,0.1371571072319202,0.14248704663212436,0.1397712833545108,Test
72,LOF,0.5706398181227671,0.5706398181227671,0.5706398181227671,0.5706398181227671,Train
73,LOF,0.8733914487339145,0.41895261845386533,0.7,0.5241809672386896,Test
74,KNN,0.9534751542708672,0.9069503085417343,1.0,0.9512049731755088,Train
75,KNN,0.33623910336239105,0.5112219451371571,0.12748756218905472,0.2040816326530612,Test
76,DBSCAN,0.5,1.0,0.5,0.6666666666666666,Train
77,DBSCAN,0.16645911166459113,1.0,0.16645911166459113,0.28540925266903916,Test
78,SVM,0.9122279961026307,0.8947710295550504,0.9271411744909979,0.9106685397901,Train
79,SVM,0.3125778331257783,0.6059850374064838,0.13957495692130958,0.22689075630252098,Test
80,IF,0.4887447539107211,0.4887447539107211,0.4887447539107211,0.4887447539107211,Train
81,IF,0.7661252900232018,0.2785515320334262,0.2898550724637681,0.2840909090909091,Test
82,LOF,0.5831743609309424,0.5831743609309424,0.5831743609309424,0.5831743609309424,Train
83,LOF,0.8761020881670534,0.42896935933147634,0.7129629629629629,0.5356521739130434,Test
84,KNN,0.9807325448302174,0.961465089660435,1.0,0.980354016728263,Train
85,KNN,0.4937354988399072,0.28133704735376047,0.10813704496788008,0.15622583139984533,Test
86,DBSCAN,0.5,1.0,0.5,0.6666666666666666,Train
87,DBSCAN,0.1665893271461717,1.0,0.1665893271461717,0.2856006364359587,Test
88,SVM,0.9263639832125143,0.9286531858069439,0.924420812761109,0.9265321659687857,Train
89,SVM,0.38979118329466356,0.5710306406685237,0.1500732064421669,0.23768115942028983,Test
90,IF,0.5072322444336096,0.5072322444336096,0.5072322444336096,0.5072322444336096,Train
91,IF,0.7356257046223225,0.1864406779661017,0.1936619718309859,0.18998272884283246,Test
92,LOF,0.5569640825613522,0.5569640825613522,0.5569640825613522,0.5569640825613522,Train
93,LOF,0.8923337091319054,0.47796610169491527,0.7921348314606742,0.5961945031712473,Test
94,KNN,0.9734275962944905,0.946855192588981,1.0,0.972702228900576,Train
95,KNN,0.5947012401352875,0.4271186440677966,0.1863905325443787,0.25952626158599384,Test
96,DBSCAN,0.5,1.0,0.5,0.6666666666666666,Train
97,DBSCAN,0.16629086809470123,1.0,0.16629086809470123,0.2851619139681005,Test
98,SVM,0.9126442385828052,0.9262148545424996,0.901740506329114,0.913813837889842,Train
99,SVM,0.4092446448703495,0.6271186440677966,0.1647373107747106,0.2609308885754584,Test
100,IF,0.47448254068573237,0.47448254068573237,0.47448254068573237,0.47448254068573237,Train
101,IF,0.753370340999207,0.24047619047619048,0.25,0.24514563106796117,Test
102,LOF,0.5451098119766156,0.5451098119766156,0.5451098119766156,0.5451098119766156,Train
103,LOF,0.8691514670896114,0.40714285714285714,0.6785714285714286,0.5089285714285714,Test
104,KNN,0.9679254226576078,0.9358508453152157,1.0,0.9668625530525629,Train
105,KNN,0.5348929421094369,0.6309523809523809,0.20654715510522215,0.31121550205519677,Test
106,DBSCAN,0.5,1.0,0.5,0.6666666666666666,Train
107,DBSCAN,0.16653449643140364,1.0,0.16653449643140364,0.28552005438477224,Test
108,SVM,0.9115184073313319,0.896824142834571,0.9239785121276249,0.9101988454137266,Train
109,SVM,0.42783505154639173,0.6857142857142857,0.1801125703564728,0.2852897473997028,Test
110,IF,0.5518577214298291,0.5518577214298291,0.5518577214298291,0.5518577214298291,Train
111,IF,0.7388132295719845,0.195906432748538,0.20364741641337386,0.19970193740685546,Test
112,LOF,0.5752773375594294,0.5752773375594294,0.5752773375594294,0.5752773375594294,Train
113,LOF,0.867704280155642,0.40350877192982454,0.6699029126213593,0.5036496350364963,Test
114,KNN,0.9794858249691847,0.9589716499383695,1.0,0.979056179775281,Train
115,KNN,0.5068093385214008,0.4298245614035088,0.15217391304347827,0.2247706422018349,Test
116,DBSCAN,0.5,1.0,0.5,0.6666666666666666,Train
117,DBSCAN,0.16634241245136186,1.0,0.16634241245136186,0.28523769808173477,Test
118,SVM,0.9074661031871808,0.8799084345835534,0.9312336936265374,0.9048438207333634,Train
119,SVM,0.42266536964980544,0.7660818713450293,0.19138056975894813,0.3062536528345996,Test
120,IF,0.5758452634785257,0.5758452634785257,0.5758452634785257,0.5758452634785257,Train
121,IF,0.7731506849315068,0.2993421052631579,0.3116438356164384,0.3053691275167785,Test
122,LOF,0.5097471824550716,0.5097471824550716,0.5097471824550716,0.5097471824550716,Train
123,LOF,0.8745205479452055,0.4243421052631579,0.7049180327868853,0.5297741273100616,Test
124,KNN,0.9666463600365519,0.9332927200731038,1.0,0.9654955096896172,Train
125,KNN,0.5271232876712328,0.5032894736842105,0.176878612716763,0.2617621899059025,Test
126,DBSCAN,0.5,1.0,0.5,0.6666666666666666,Train
127,DBSCAN,0.16657534246575342,1.0,0.16657534246575342,0.28558008454673556,Test
128,SVM,0.883947608894304,0.8312519037465732,0.9291794347974123,0.877491961414791,Train
129,SVM,0.37205479452054796,0.7598684210526315,0.17714723926380369,0.2873134328358209,Test
130,IF,0.4738544474393531,0.4738544474393531,0.4738544474393531,0.4738544474393531,Train
131,IF,0.7696892294593444,0.289002557544757,0.300531914893617,0.2946544980443286,Test
132,LOF,0.6026954177897574,0.6026954177897574,0.6026954177897574,0.6026954177897574,Train
133,LOF,0.8731375053214133,0.4194373401534527,0.6978723404255319,0.5239616613418531,Test
134,KNN,0.9669362084456424,0.9338724168912849,1.0,0.9658056123397138,Train
135,KNN,0.3716475095785441,0.5728900255754475,0.1461187214611872,0.23284823284823286,Test
136,DBSCAN,0.5,1.0,0.5,0.6666666666666666,Train
137,DBSCAN,0.16645381013197105,1.0,0.16645381013197105,0.2854014598540146,Test
138,SVM,0.9237196765498652,0.9243486073674753,0.9231873653984207,0.92376762144204,Train
139,SVM,0.2720306513409962,0.7698209718670077,0.1566892243623113,0.2603806228373703,Test
140,IF,0.4406265790803436,0.4406265790803436,0.4406265790803436,0.44062657908034364,Train
141,IF,0.7931034482758621,0.3605015673981191,0.3745928338762215,0.3674121405750799,Test
142,LOF,0.5607209028128685,0.5607209028128685,0.5607209028128685,0.5607209028128685,Train
143,LOF,0.890282131661442,0.4702194357366771,0.7853403141361257,0.5882352941176471,Test
144,KNN,0.9818932120599629,0.9637864241199259,1.0,0.9815593104039797,Train
145,KNN,0.6489028213166145,0.4106583072100313,0.21300813008130082,0.28051391862955033,Test
146,DBSCAN,0.5,1.0,0.5,0.6666666666666666,Train
147,DBSCAN,0.16666666666666666,1.0,0.16666666666666666,0.2857142857142857,Test
148,SVM,0.921340744483746,0.9093818426814889,0.9316652286453839,0.9203886805318785,Train
149,SVM,0.5626959247648903,0.6112852664576802,0.21475770925110133,0.31784841075794623,Test
150,IF,0.5159620362381363,0.5159620362381363,0.5159620362381363,0.5159620362381363,Train
151,IF,0.7570019723865877,0.25118483412322273,0.26108374384236455,0.25603864734299514,Test
152,LOF,0.5872303710094909,0.5872303710094909,0.5872303710094909,0.5872303710094909,Train
153,LOF,0.8808678500986193,0.4431279620853081,0.7362204724409449,0.5532544378698225,Test
154,KNN,0.9617773943054357,0.9235547886108715,1.0,0.9602583654795013,Train
155,KNN,0.4611439842209073,0.5639810426540285,0.1676056338028169,0.25841476655808904,Test
156,DBSCAN,0.5,1.0,0.5,0.6666666666666666,Train
157,DBSCAN,0.16646942800788955,1.0,0.16646942800788955,0.28542441663848495,Test
158,SVM,0.9238136324417602,0.9106125970664366,0.9353066288550159,0.9227944391011629,Train
159,SVM,0.36646942800788956,0.7417061611374408,0.17292817679558012,0.28046594982078854,Test
160,IF,0.5160696008188331,0.5160696008188331,0.5160696008188331,0.5160696008188331,Train
161,IF,0.7778242677824267,0.314070351758794,0.3263707571801567,0.32010243277848915,Test
162,LOF,0.6266120777891505,0.6266120777891505,0.6266120777891505,0.6266120777891505,Train
163,LOF,0.8765690376569037,0.4296482412060301,0.7154811715481172,0.5368916797488226,Test
164,KNN,0.9559877175025588,0.9121801432958034,0.9997756338344178,0.9539713123528152,Train
165,KNN,0.3100418410041841,0.821608040201005,0.17165354330708663,0.2839774207555363,Test
166,DBSCAN,0.5,1.0,0.5,0.6666666666666666,Train
167,DBSCAN,0.16652719665271967,1.0,0.16652719665271967,0.2855093256814921,Test
168,SVM,0.8920163766632548,0.8468781985670419,0.930918091809181,0.8869117804695036,Train
169,SVM,0.3263598326359833,0.8417085427135679,0.17800212539851223,0.293859649122807,Test
170,IF,0.5195028680688336,0.5195028680688336,0.5195028680688336,0.5195028680688336,Train
171,IF,0.78222049689441,0.32634032634032634,0.33980582524271846,0.3329369797859691,Test
172,LOF,0.594263862332696,0.594263862332696,0.594263862332696,0.594263862332696,Train
173,LOF,0.8963509316770186,0.48951048951048953,0.813953488372093,0.6113537117903931,Test
174,KNN,0.9776290630975143,0.9552581261950287,1.0,0.9771171523567377,Train
175,KNN,0.41226708074534163,0.6317016317016317,0.16656422864167178,0.26361867704280156,Test
176,DBSCAN,0.5,1.0,0.5,0.6666666666666666,Train
177,DBSCAN,0.16653726708074534,1.0,0.16653726708074534,0.2855241264559068,Test
178,SVM,0.9022944550669216,0.860038240917782,0.9394319131161236,0.8979836294669594,Train
179,SVM,0.30667701863354035,0.7668997668997669,0.16327543424317617,0.2692307692307692,Test
180,IF,0.4164256795835743,0.4164256795835743,0.4164256795835743,0.4164256795835743,Train
181,IF,0.7167630057803468,0.13005780346820808,0.1355421686746988,0.13274336283185842,Test
182,LOF,0.6167341430499326,0.6167341430499326,0.6167341430499326,0.6167341430499326,Train
183,LOF,0.882466281310212,0.4479768786127168,0.7451923076923077,0.5595667870036102,Test
184,KNN,0.9559475612107191,0.9118951224214382,1.0,0.9539175153776344,Train
185,KNN,0.4633911368015414,0.6098265895953757,0.1773109243697479,0.2747395833333333,Test
186,DBSCAN,0.5,1.0,0.5,0.6666666666666666,Train
187,DBSCAN,0.16666666666666666,1.0,0.16666666666666666,0.2857142857142857,Test
188,SVM,0.9002313475997686,0.8685174474648159,0.9273363524083985,0.8969636635141861,Train
189,SVM,0.4552023121387283,0.6763005780346821,0.18675179569034317,0.2926829268292683,Test
190,IF,0.5430735247712212,0.5430735247712212,0.5430735247712212,0.5430735247712212,Train
191,IF,0.7622266401590457,0.26730310262529833,0.27791563275434245,0.2725060827250609,Test
192,LOF,0.5373934995266646,0.5373934995266646,0.5373934995266646,0.5373934995266646,Train
193,LOF,0.8687872763419483,0.40572792362768495,0.6772908366533864,0.5074626865671641,Test
194,KNN,0.9727832123698328,0.9455664247396655,1.0,0.9720217338415374,Train
195,KNN,0.4540755467196819,0.6610978520286396,0.1836870026525199,0.28749351323300465,Test
196,DBSCAN,0.5,1.0,0.5,0.6666666666666666,Train
197,DBSCAN,0.1666003976143141,1.0,0.1666003976143141,0.28561690524880706,Test
198,SVM,0.9275796781319028,0.8977595455979804,0.9546979865771812,0.9253537160513905,Train
199,SVM,0.3852882703777336,0.7756563245823389,0.18289251547552055,0.29599271402550087,Test
200,IF,0.47586325373647137,0.47586325373647137,0.47586325373647137,0.47586325373647137,Train
201,IF,0.7314614830813535,0.17494600431965443,0.18202247191011237,0.17841409691629956,Test
202,LOF,0.5785947431712765,0.5785947431712765,0.5785947431712765,0.5785947431712765,Train
203,LOF,0.8693304535637149,0.408207343412527,0.6798561151079137,0.5101214574898785,Test
204,KNN,0.9833361965298059,0.9666723930596117,1.0,0.9830538085255066,Train
205,KNN,0.4089272858171346,0.42548596112311016,0.12523839796567068,0.19351669941060903,Test
206,DBSCAN,0.5,1.0,0.5,0.6666666666666666,Train
207,DBSCAN,0.16666666666666666,1.0,0.16666666666666666,0.2857142857142857,Test
208,SVM,0.9196014430510222,0.9127297715169215,0.9254485281309877,0.9190451478982874,Train
209,SVM,0.32469402447804174,0.6609071274298056,0.1511111111111111,0.2459807073954984,Test
210,IF,0.517433501078361,0.517433501078361,0.517433501078361,0.517433501078361,Train
211,IF,0.7539315448658649,0.24166666666666667,0.2514450867052023,0.2464589235127479,Test
212,LOF,0.6223939611790079,0.6223939611790079,0.6223939611790079,0.6223939611790079,Train
213,LOF,0.8640148011100832,0.39166666666666666,0.6527777777777778,0.4895833333333333,Test
214,KNN,0.9430265995686556,0.8860531991373113,1.0,0.9395845244901848,Train
215,KNN,0.5231267345050878,0.6972222222222222,0.21398124467178176,0.3274624918460535,Test
216,DBSCAN,0.5,1.0,0.5,0.6666666666666666,Train
217,DBSCAN,0.16651248843663274,1.0,0.16651248843663274,0.2854877081681205,Test
218,SVM,0.9071710999281093,0.8882099209202013,0.9232206239491874,0.9053769350554182,Train
219,SVM,0.5587419056429233,0.8027777777777778,0.24658703071672355,0.37728459530026115,Test
220,IF,0.5261330409356725,0.5261330409356725,0.5261330409356725,0.5261330409356725,Train
221,IF,0.7563775510204082,0.25,0.259946949602122,0.2548764629388816,Test
222,LOF,0.5846125730994152,0.5846125730994152,0.5846125730994152,0.5846125730994152,Train
223,LOF,0.8643707482993197,0.39285714285714285,0.6553191489361702,0.49122807017543857,Test
224,KNN,0.9671052631578947,0.9342105263157895,1.0,0.9659863945578232,Train
225,KNN,0.4953231292517007,0.4260204081632653,0.1479185119574845,0.2195923734385273,Test
226,DBSCAN,0.5,1.0,0.5,0.6666666666666666,Train
227,DBSCAN,0.16666666666666666,1.0,0.16666666666666666,0.2857142857142857,Test
228,SVM,0.9441703216374269,0.9354897660818714,0.9520178538218337,0.9436814452944972,Train
229,SVM,0.3210034013605442,0.8010204081632653,0.171303873431533,0.28224719101123596,Test
230,IF,0.4589389534883721,0.4589389534883721,0.4589389534883721,0.4589389534883721,Train
231,IF,0.7355947955390335,0.1871508379888268,0.19420289855072465,0.1906116642958748,Test
232,LOF,0.568859011627907,0.568859011627907,0.568859011627907,0.568859011627907,Train
233,LOF,0.8726765799256505,0.41899441340782123,0.6944444444444444,0.5226480836236934,Test
234,KNN,0.9656613372093024,0.9313226744186046,1.0,0.9644402634054562,Train
235,KNN,0.38661710037174724,0.5251396648044693,0.14050822122571002,0.22169811320754718,Test
236,DBSCAN,0.5,1.0,0.5,0.6666666666666666,Train
237,DBSCAN,0.16635687732342008,1.0,0.16635687732342008,0.28525896414342633,Test
238,SVM,0.9265079941860465,0.9087936046511628,0.9421736673573178,0.9251826505132711,Train
239,SVM,0.30111524163568776,0.5977653631284916,0.13595933926302414,0.22153209109730845,Test
240,IF,0.5376429479034307,0.5376429479034307,0.5376429479034307,0.5376429479034307,Train
241,IF,0.7218458933107536,0.1450381679389313,0.15079365079365079,0.14785992217898833,Test
242,LOF,0.5500317662007624,0.5500317662007624,0.5500317662007624,0.5500317662007624,Train
243,LOF,0.9030482641828959,0.5089058524173028,0.847457627118644,0.6359300476947535,Test
244,KNN,0.9791137229987293,0.9582274459974587,1.0,0.9786681807121421,Train
245,KNN,0.45808636748518206,0.44783715012722647,0.1420500403551251,0.21568627450980393,Test
246,DBSCAN,0.5,1.0,0.5,0.6666666666666666,Train
247,DBSCAN,0.1663844199830652,1.0,0.1663844199830652,0.2852994555353902,Test
248,SVM,0.9453621346886912,0.9197903430749682,0.9693672581185135,0.9439282803585983,Train
249,SVM,0.4072819644369179,0.72264631043257,0.18031746031746032,0.2886178861788618,Test
250,IF,0.49940647787010345,0.49940647787010345,0.49940647787010345,0.49940647787010345,Train
251,IF,0.788994041359972,0.3473684210526316,0.3610503282275711,0.35407725321888406,Test
252,LOF,0.5821604205528235,0.5821604205528235,0.5821604205528235,0.5821604205528235,Train
253,LOF,0.8769716088328076,0.43157894736842106,0.7167832167832168,0.5387647831800263,Test
254,KNN,0.963964727827709,0.927929455655418,1.0,0.9626176444718092,Train
255,KNN,0.45285664213109006,0.5284210526315789,0.1580604534005038,0.24333494910324768,Test
256,DBSCAN,0.5,1.0,0.5,0.6666666666666666,Train
257,DBSCAN,0.16649141254819488,1.0,0.16649141254819488,0.2854567307692308,Test
258,SVM,0.9462438528065118,0.9211463455994574,0.9698268166398857,0.9448599756479388,Train
259,SVM,0.42446547493866105,0.6926315789473684,0.18027397260273972,0.28608695652173916,Test
260,IF,0.5086045322882944,0.5086045322882944,0.5086045322882944,0.5086045322882944,Train
261,IF,0.7613806903451726,0.26426426426426425,0.275,0.26952526799387444,Test
262,LOF,0.5808485261543704,0.5808485261543704,0.5808485261543704,0.5808485261543704,Train
263,LOF,0.8864432216108054,0.4594594594594595,0.765,0.574108818011257,Test
264,KNN,0.9736752428011586,0.9473504856023173,1.0,0.97296351386823,Train
265,KNN,0.42521260630315155,0.45345345345345345,0.13506261180679785,0.20813232253618197,Test
266,DBSCAN,0.5,1.0,0.5,0.6666666666666666,Train
267,DBSCAN,0.16658329164582292,1.0,0.16658329164582292,0.2855917667238422,Test
268,SVM,0.9237519168512524,0.9062872721076844,0.9390889830508474,0.9223966010578339,Train
269,SVM,0.3461730865432716,0.5195195195195195,0.13106060606060607,0.20931639443436179,Test
270,IF,0.49795997668544784,0.49795997668544784,0.49795997668544784,0.49795997668544784,Train
271,IF,0.7749554367201426,0.3048128342245989,0.31754874651810583,0.31105047748976805,Test
272,LOF,0.5879152904604624,0.5879152904604624,0.5879152904604624,0.5879152904604624,Train
273,LOF,0.8908199643493762,0.4732620320855615,0.7866666666666666,0.5909849749582637,Test
274,KNN,0.9817369341363902,0.9634738682727803,1.0,0.9813971897882445,Train
275,KNN,0.5868983957219251,0.4893048128342246,0.19912948857453755,0.28306264501160094,Test
276,DBSCAN,0.5,1.0,0.5,0.6666666666666666,Train
277,DBSCAN,0.16666666666666666,1.0,0.16666666666666666,0.2857142857142857,Test
278,SVM,0.9296677676316301,0.9114047017680202,0.9459568461383343,0.9283593904611122,Train
279,SVM,0.5445632798573975,0.6256684491978609,0.20967741935483872,0.31409395973154364,Test
280,IF,0.5221861471861472,0.5221861471861472,0.5221861471861472,0.5221861471861472,Train
281,IF,0.7396351575456053,0.19900497512437812,0.20725388601036268,0.20304568527918784,Test
282,LOF,0.5824314574314574,0.5824314574314574,0.5824314574314574,0.5824314574314574,Train
283,LOF,0.8557213930348259,0.3681592039800995,0.6115702479338843,0.45962732919254656,Test
284,KNN,0.9768217893217893,0.9536435786435786,1.0,0.976271812390361,Train
285,KNN,0.5029021558872305,0.7313432835820896,0.21227436823104692,0.3290430889759373,Test
286,DBSCAN,0.5,1.0,0.5,0.6666666666666666,Train
287,DBSCAN,0.16666666666666666,1.0,0.16666666666666666,0.2857142857142857,Test
288,SVM,0.9307359307359307,0.8917748917748918,0.9671361502347418,0.9279279279279279,Train
289,SVM,0.46185737976782754,0.7810945273631841,0.20603674540682415,0.3260643821391485,Test
290,IF,0.46162570888468807,0.46162570888468807,0.46162570888468807,0.46162570888468807,Train
291,IF,0.7597173144876325,0.259946949602122,0.2699724517906336,0.2648648648648649,Test
292,LOF,0.599054820415879,0.599054820415879,0.599054820415879,0.599054820415879,Train
293,LOF,0.8745583038869258,0.4244031830238727,0.7048458149779736,0.5298013245033113,Test
294,KNN,0.9635160680529301,0.9270321361058601,1.0,0.9621345889739062,Train
295,KNN,0.4721731448763251,0.6047745358090185,0.17896389324960754,0.2761962447001817,Test
296,DBSCAN,0.5,1.0,0.5,0.6666666666666666,Train
297,DBSCAN,0.16651943462897525,1.0,0.16651943462897525,0.28549791745550923,Test
298,SVM,0.9266540642722118,0.9245746691871456,0.9284358390280941,0.9265012312938057,Train
299,SVM,0.375,0.6710875331564987,0.163860103626943,0.2634044768349818,Test
300,IF,0.5369965657196378,0.5369965657196378,0.5369965657196378,0.5369965657196378,Train
301,IF,0.7876651982378855,0.3439153439153439,0.35714285714285715,0.3504043126684636,Test
302,LOF,0.5240399625351233,0.5240399625351233,0.5240399625351233,0.5240399625351233,Train
303,LOF,0.8665198237885463,0.3994708994708995,0.6651982378854625,0.4991735537190083,Test
304,KNN,0.9658133000312207,0.9316266000624415,1.0,0.9646032002586067,Train
305,KNN,0.6427312775330396,0.3386243386243386,0.18577648766328012,0.23992502343017807,Test
306,DBSCAN,0.5,1.0,0.5,0.6666666666666666,Train
307,DBSCAN,0.16651982378854627,1.0,0.16651982378854627,0.2854984894259819,Test
308,SVM,0.9251482984701842,0.8915079612862941,0.95581589958159,0.922542605605363,Train
309,SVM,0.273568281938326,0.7063492063492064,0.14792243767313018,0.24461749885478698,Test
310,IF,0.4976419213973799,0.4976419213973799,0.4976419213973799,0.4976419213973799,Train
311,IF,0.7342687074829932,0.1836734693877551,0.1909814323607427,0.18725617685305593,Test
312,LOF,0.5958078602620087,0.5958078602620087,0.5958078602620087,0.5958078602620087,Train
313,LOF,0.8801020408163265,0.4413265306122449,0.7330508474576272,0.550955414012739,Test
314,KNN,0.9650655021834061,0.9301310043668122,1.0,0.9638009049773756,Train
315,KNN,0.2848639455782313,0.8112244897959183,0.16510903426791276,0.274374460742019,Test
316,DBSCAN,0.5,1.0,0.5,0.6666666666666666,Train
317,DBSCAN,0.16666666666666666,1.0,0.16666666666666666,0.2857142857142857,Test
318,SVM,0.9317030567685589,0.9220960698689956,0.940160284951024,0.9310405643738977,Train
319,SVM,0.2861394557823129,0.8647959183673469,0.17251908396946564,0.2876537971998303,Test
320,IF,0.5003091190108192,0.5003091190108192,0.5003091190108192,0.5003091190108192,Train
321,IF,0.7774480712166172,0.31297709923664124,0.3253968253968254,0.3190661478599222,Test
322,LOF,0.5221020092735703,0.5221020092735703,0.5221020092735703,0.5221020092735703,Train
323,LOF,0.8885120813904197,0.46564885496183206,0.7754237288135594,0.5818759936406994,Test
324,KNN,0.9897217928902627,0.9794435857805255,1.0,0.9896150542671976,Train
325,KNN,0.44425604069520985,0.6259541984732825,0.17446808510638298,0.2728785357737105,Test
326,DBSCAN,0.5,1.0,0.5,0.6666666666666666,Train
327,DBSCAN,0.1665960152607037,1.0,0.1665960152607037,0.2856104651162791,Test
328,SVM,0.9377897990726429,0.9477588871715611,0.9292317017729959,0.9384038564542047,Train
329,SVM,0.32428995337007205,0.7201017811704835,0.16015846066779854,0.26203703703703707,Test
330,IF,0.5080605764533463,0.5080605764533463,0.5080605764533463,0.5080605764533463,Train
331,IF,0.7993130520117763,0.3775811209439528,0.39263803680981596,0.3849624060150376,Test
332,LOF,0.5463279596156978,0.5463279596156978,0.5463279596156978,0.5463279596156978,Train
333,LOF,0.8886162904808635,0.46607669616519176,0.7745098039215687,0.5819521178637201,Test
334,KNN,0.9791564891711447,0.9583129783422896,1.0,0.9787127889572592,Train
335,KNN,0.37389597644749756,0.6548672566371682,0.16075307748008688,0.25813953488372093,Test
336,DBSCAN,0.5,1.0,0.5,0.6666666666666666,Train
337,DBSCAN,0.1663395485770363,1.0,0.1663395485770363,0.2852334875893984,Test
338,SVM,0.9294903110242632,0.9755740107474352,0.8932458625316834,0.932596513075965,Train
339,SVM,0.30078508341511284,0.7905604719764012,0.16522811344019728,0.27332993370729214,Test
340,IF,0.5828045035823951,0.5828045035823951,0.5828045035823951,0.5828045035823951,Train
341,IF,0.7865826204412427,0.34054054054054056,0.3539325842696629,0.347107438016529,Test
342,LOF,0.5924257932446264,0.5924257932446264,0.5924257932446264,0.5924257932446264,Train
343,LOF,0.8703286807744259,0.41081081081081083,0.6846846846846847,0.5135135135135136,Test
344,KNN,0.9686796315250767,0.9373592630501535,1.0,0.9676669484361792,Train
345,KNN,0.3430886987843314,0.5135135135135135,0.12933968686181074,0.20663404023926046,Test
346,DBSCAN,0.5,1.0,0.5,0.6666666666666666,Train
347,DBSCAN,0.16659162539396669,1.0,0.16659162539396669,0.28560401389424933,Test
348,SVM,0.9115660184237462,0.885568065506653,0.9341394947095659,0.9092055485498108,Train
349,SVM,0.2962629446195407,0.7945945945945946,0.16507580011229647,0.2733612273361228,Test
350,IF,0.4797486033519553,0.4797486033519553,0.4797486033519553,0.4797486033519553,Train
351,IF,0.7344398340248963,0.18282548476454294,0.19020172910662825,0.1864406779661017,Test
352,LOF,0.5893854748603352,0.5893854748603352,0.5893854748603352,0.5893854748603352,Train
353,LOF,0.8635315813739051,0.39058171745152354,0.6497695852534562,0.4878892733564013,Test
354,KNN,0.9723289106145251,0.9448324022346368,0.9998152595603178,0.9715465398079167,Train
355,KNN,0.6122637159981559,0.5290858725761773,0.22157772621809746,0.312346688470973,Test
356,DBSCAN,0.5,1.0,0.5,0.6666666666666666,Train
357,DBSCAN,0.16643614568925771,1.0,0.16643614568925771,0.2853754940711462,Test
358,SVM,0.906861033519553,0.9284217877094972,0.8900418410041842,0.9088267965478938,Train
359,SVM,0.343015214384509,0.7922437673130194,0.17481662591687042,0.28642964446670005,Test
360,IF,0.4327770780856423,0.4327770780856423,0.4327770780856423,0.4327770780856423,Train
361,IF,0.7396837639799461,0.19907407407407407,0.20722891566265061,0.20306965761511217,Test
362,LOF,0.5393576826196473,0.5393576826196473,0.5393576826196473,0.5393576826196473,Train
363,LOF,0.8777477824913228,0.43287037037037035,0.722007722007722,0.5412445730824891,Test
364,KNN,0.967411838790932,0.9349811083123426,0.9998316498316498,0.9663195574357305,Train
365,KNN,0.5113767836482839,0.44675925925925924,0.15806715806715807,0.2335148215366001,Test
366,DBSCAN,0.5,1.0,0.5,0.6666666666666666,Train
367,DBSCAN,0.16660239105283456,1.0,0.16660239105283456,0.2856198347107438,Test
368,SVM,0.9371851385390428,0.9596977329974811,0.918348900271166,0.938568129330254,Train
369,SVM,0.4280755881218666,0.7175925925925926,0.1855176540993417,0.29481692819781263,Test
370,IF,0.5608465608465608,0.5608465608465608,0.5608465608465608,0.5608465608465608,Train
371,IF,0.7166430928807166,0.13031161473087818,0.13529411764705881,0.13275613275613274,Test
372,LOF,0.5067271352985638,0.5067271352985638,0.5067271352985638,0.5067271352985638,Train
373,LOF,0.8854314002828855,0.45609065155807366,0.7594339622641509,0.5699115044247787,Test
374,KNN,0.971655328798186,0.9433106575963719,1.0,0.970828471411902,Train
375,KNN,0.3371051390853371,0.7082152974504249,0.16097875080489377,0.2623294858342078,Test
376,DBSCAN,0.5,1.0,0.5,0.6666666666666666,Train
377,DBSCAN,0.16643092880716642,1.0,0.16643092880716642,0.2853678253839935,Test
378,SVM,0.9046107331821618,0.908843537414966,0.901214210763004,0.9050127954237543,Train
379,SVM,0.23290900518623292,0.8696883852691218,0.16260593220338984,0.2739848282016957,Test
380,IF,0.4475180574765637,0.4475180574765637,0.4475180574765637,0.4475180574765637,Train
381,IF,0.7187127532777116,0.1360381861575179,0.141439205955335,0.1386861313868613,Test
382,LOF,0.5394190871369294,0.5394190871369294,0.5394190871369294,0.5394190871369294,Train
383,LOF,0.8613428684942391,0.38424821002386633,0.6388888888888888,0.47988077496274223,Test
384,KNN,0.9738742892269863,0.9477485784539726,1.0,0.9731734259113145,Train
385,KNN,0.42272546682558604,0.4486873508353222,0.13333333333333333,0.20557681793329688,Test
386,DBSCAN,0.5,1.0,0.5,0.6666666666666666,Train
387,DBSCAN,0.16646801748112833,1.0,0.16646801748112833,0.28542234332425065,Test
388,SVM,0.9268480098355617,0.917627170739204,0.9348677000156568,0.9261672095548317,Train
389,SVM,0.33730631704410013,0.6682577565632458,0.15478164731896074,0.2513464991023339,Test
390,IF,0.5598603259062188,0.5598603259062188,0.5598603259062188,0.5598603259062188,Train
391,IF,0.7449528936742934,0.2145748987854251,0.22268907563025211,0.21855670103092784,Test
392,LOF,0.56168939142002,0.56168939142002,0.56168939142002,0.56168939142002,Train
393,LOF,0.8990578734858681,0.4979757085020243,0.825503355704698,0.6212121212121212,Test
394,KNN,0.9778017958097772,0.9556035916195543,1.0,0.9772978488223791,Train
395,KNN,0.6049798115746972,0.5303643724696356,0.21760797342192692,0.3085983510011779,Test
396,DBSCAN,0.5,1.0,0.5,0.6666666666666666,Train
397,DBSCAN,0.16621803499327054,1.0,0.16621803499327054,0.28505481823427586,Test
398,SVM,0.934486198869305,0.9220152976388427,0.945600272851296,0.9336588651288095,Train
399,SVM,0.26850605652759085,0.805668016194332,0.16074313408723748,0.268013468013468,Test
400,IF,0.5079987452948557,0.5079987452948557,0.5079987452948557,0.5079987452948557,Train
401,IF,0.7365702479338843,0.18944099378881987,0.1967741935483871,0.19303797468354433,Test
402,LOF,0.53732747804266,0.53732747804266,0.53732747804266,0.53732747804266,Train
403,LOF,0.8956611570247934,0.48757763975155277,0.8092783505154639,0.6085271317829457,Test
404,KNN,0.9609473023839398,0.9218946047678795,1.0,0.9593602089113759,Train
405,KNN,0.6534090909090909,0.2826086956521739,0.1713747645951036,0.21336459554513482,Test
406,DBSCAN,0.5,1.0,0.5,0.6666666666666666,Train
407,DBSCAN,0.16632231404958678,1.0,0.16632231404958678,0.28520814880425155,Test
408,SVM,0.9210319949811794,0.8897427854454203,0.9491383637276225,0.9184813405650449,Train
409,SVM,0.37861570247933884,0.6490683229813664,0.1608929946112394,0.2578655151141271,Test
410,IF,0.5356964553170245,0.5356964553170245,0.5356964553170245,0.5356964553170245,Train
411,IF,0.7965269913174783,0.36961451247165533,0.38443396226415094,0.376878612716763,Test
412,LOF,0.5839573972374771,0.5839573972374771,0.5839573972374771,0.5839573972374771,Train
413,LOF,0.8701396753491883,0.41043083900226757,0.6830188679245283,0.5127478753541076,Test
414,KNN,0.9603927442170078,0.9209519054751206,0.9998193315266486,0.9587664587664588,Train
415,KNN,0.44733861834654587,0.7006802721088435,0.1882998171846435,0.2968299711815562,Test
416,DBSCAN,0.5,1.0,0.5,0.6666666666666666,Train
417,DBSCAN,0.1664779161947905,1.0,0.1664779161947905,0.2854368932038835,Test
418,SVM,0.9052254950906973,0.891496089199534,0.9166666666666666,0.9039061840884164,Train
419,SVM,0.37674594186485466,0.8458049886621315,0.19069529652351738,0.3112223612849395,Test
420,IF,0.5677518322822567,0.5677518322822567,0.5677518322822567,0.5677518322822567,Train
421,IF,0.7661417322834646,0.2789598108747045,0.28992628992628994,0.28433734939759037,Test
422,LOF,0.5749105164479291,0.5749105164479291,0.5749105164479291,0.5749105164479291,Train
423,LOF,0.8665354330708661,0.39952718676122934,0.6653543307086615,0.499261447562777,Test
424,KNN,0.9703425941707857,0.9406851883415716,1.0,0.9694361496574742,Train
425,KNN,0.4921259842519685,0.6903073286052009,0.20124052377670573,0.31163287086446106,Test
426,DBSCAN,0.5,1.0,0.5,0.6666666666666666,Train
427,DBSCAN,0.16653543307086613,1.0,0.16653543307086613,0.2855214309821127,Test
428,SVM,0.919890915288904,0.8784728140446566,0.9578145326147556,0.9164295874822189,Train
429,SVM,0.3641732283464567,0.7919621749408984,0.1799140708915145,0.2932166301969366,Test
430,IF,0.49586776859504134,0.49586776859504134,0.49586776859504134,0.49586776859504134,Train
431,IF,0.7386313465783665,0.1962864721485411,0.20385674931129477,0.2,Test
432,LOF,0.5968966098836229,0.5968966098836229,0.5968966098836229,0.5968966098836229,Train
433,LOF,0.8657836644591611,0.3978779840848806,0.6607929515418502,0.49668874172185423,Test
434,KNN,0.963821892393321,0.9276437847866419,1.0,0.9624639076034649,Train
435,KNN,0.5355408388520971,0.6870026525198939,0.21709974853310982,0.3299363057324841,Test
436,DBSCAN,0.5,1.0,0.5,0.6666666666666666,Train
437,DBSCAN,0.1664459161147903,1.0,0.1664459161147903,0.2853898561695685,Test
438,SVM,0.9251138471917693,0.9063923089897116,0.941650604520764,0.9236851151598486,Train
439,SVM,0.4512141280353201,0.7957559681697612,0.20463847203274216,0.32555615843733043,Test
440,IF,0.5189990732159406,0.5189990732159406,0.5189990732159406,0.5189990732159406,Train
441,IF,0.7430910951893551,0.20901639344262296,0.21748400852878466,0.213166144200627,Test
442,LOF,0.5877664504170528,0.5877664504170528,0.5877664504170528,0.5877664504170528,Train
443,LOF,0.8816103718867281,0.444672131147541,0.7406143344709898,0.5556978233034571,Test
444,KNN,0.9767377201112141,0.9534754402224281,1.0,0.976183698643135,Train
445,KNN,0.5400887069259638,0.5348360655737705,0.18885672937771347,0.279144385026738,Test
446,DBSCAN,0.5,1.0,0.5,0.6666666666666666,Train
447,DBSCAN,0.1664960764244285,1.0,0.1664960764244285,0.285463585843814,Test
448,SVM,0.9272474513438369,0.8980537534754403,0.9537401574803149,0.9250596658711219,Train
449,SVM,0.36676902081200957,0.5737704918032787,0.14522821576763487,0.2317880794701987,Test
450,IF,0.5189516129032258,0.5189516129032258,0.5189516129032258,0.5189516129032258,Train
451,IF,0.7724719101123596,0.2972972972972973,0.3087719298245614,0.3029259896729776,Test
452,LOF,0.6046370967741935,0.6046370967741935,0.6046370967741935,0.6046370967741935,Train
453,LOF,0.898876404494382,0.4966216216216216,0.8258426966292135,0.620253164556962,Test
454,KNN,0.9720766129032258,0.9441532258064517,1.0,0.9712744996370424,Train
455,KNN,0.4410112359550562,0.722972972972973,0.1898846495119787,0.30077301475755447,Test
456,DBSCAN,0.5,1.0,0.5,0.6666666666666666,Train
457,DBSCAN,0.1662921348314607,1.0,0.1662921348314607,0.28516377649325625,Test
458,SVM,0.910383064516129,0.8526209677419355,0.9639844996580806,0.9048892692842624,Train
459,SVM,0.39157303370786517,0.7128378378378378,0.17452440033085195,0.28039867109634553,Test
460,IF,0.5064638783269962,0.5064638783269962,0.5064638783269962,0.5064638783269962,Train
461,IF,0.7577903682719547,0.2531914893617021,0.26327433628318586,0.25813449023861174,Test
462,LOF,0.5396197718631178,0.5396197718631178,0.5396197718631178,0.5396197718631178,Train
463,LOF,0.8764164305949008,0.4297872340425532,0.7137809187279152,0.5365205843293492,Test
464,KNN,0.9703422053231939,0.9406844106463879,1.0,0.969435736677116,Train
465,KNN,0.6558073654390935,0.42127659574468085,0.22048997772828507,0.28947368421052627,Test
466,DBSCAN,0.5,1.0,0.5,0.6666666666666666,Train
467,DBSCAN,0.16643059490084985,1.0,0.16643059490084985,0.28536733454766244,Test
468,SVM,0.9274524714828898,0.9015969581749049,0.9507618283881315,0.925526932084309,Train
469,SVM,0.4656515580736544,0.7382978723404255,0.20023081361800346,0.3150249659555152,Test
470,IF,0.46616288832913516,0.46616288832913516,0.46616288832913516,0.46616288832913516,Train
471,IF,0.7512713823393435,0.23333333333333334,0.24277456647398843,0.23796033994334279,Test
472,LOF,0.5702770780856423,0.5702770780856423,0.5702770780856423,0.5702770780856423,Train
473,LOF,0.8613037447988904,0.38333333333333336,0.6388888888888888,0.4791666666666667,Test
474,KNN,0.963727959697733,0.927455919395466,1.0,0.9623627809722948,Train
475,KNN,0.4429033749422099,0.4777777777777778,0.14465937762825903,0.2220787604906391,Test
476,DBSCAN,0.5,1.0,0.5,0.6666666666666666,Train
477,DBSCAN,0.1664355062413315,1.0,0.1664355062413315,0.28537455410225926,Test
478,SVM,0.936943744752309,0.9472712006717044,0.9281013491280027,0.9375882988448434,Train
479,SVM,0.3055940822931114,0.7444444444444445,0.15971394517282478,0.26300294406280667,Test
480,IF,0.5083406496927129,0.5083406496927129,0.5083406496927129,0.5083406496927129,Train
481,IF,0.7369891721969961,0.19077568134171907,0.19868995633187772,0.19465240641711232,Test
482,LOF,0.5908691834942933,0.5908691834942933,0.5908691834942933,0.5908691834942933,Train
483,LOF,0.8756549074397485,0.4276729559748428,0.710801393728223,0.5340314136125655,Test
484,KNN,0.9660228270412643,0.9320456540825285,1.0,0.9648277742433881,Train
485,KNN,0.2794271742927,0.6771488469601677,0.1447132616487455,0.2384643779992617,Test
486,DBSCAN,0.5,1.0,0.5,0.6666666666666666,Train
487,DBSCAN,0.16660845267202234,1.0,0.16660845267202234,0.28562874251497006,Test
488,SVM,0.9112379280070237,0.8828797190517998,0.93596425912137,0.9086473298997019,Train
489,SVM,0.2741879147747118,0.6876310272536688,0.14532565352237484,0.2399414776883687,Test
490,IF,0.5469746595414584,0.5469746595414584,0.5469746595414584,0.5469746595414584,Train
491,IF,0.7462121212121212,0.21875,0.22781065088757396,0.22318840579710145,Test
492,LOF,0.583864850887778,0.583864850887778,0.583864850887778,0.583864850887778,Train
493,LOF,0.8669507575757576,0.4005681818181818,0.6682464454976303,0.5008880994671403,Test
494,KNN,0.9578520944664713,0.9157041889329426,1.0,0.9559974804283272,Train
495,KNN,0.4772727272727273,0.3522727272727273,0.124,0.1834319526627219,Test
496,DBSCAN,0.5,1.0,0.5,0.6666666666666666,Train
497,DBSCAN,0.16666666666666666,1.0,0.16666666666666666,0.2857142857142857,Test
498,SVM,0.9218238234787106,0.8724357869332874,0.9680566182096404,0.9177622631244899,Train
499,SVM,0.2864583333333333,0.6846590909090909,0.1472205253512523,0.24233283056812469,Test
500,IF,0.5274920886075949,0.5274920886075949,0.5274920886075949,0.5274920886075949,Train
501,IF,0.7556654305727235,0.24752475247524752,0.2570694087403599,0.25220680958385877,Test
502,LOF,0.609375,0.609375,0.609375,0.609375,Train
503,LOF,0.8693860733415739,0.4084158415841584,0.6790123456790124,0.5100463678516228,Test
504,KNN,0.9659810126582279,0.9319620253164557,1.0,0.9647829647829648,Train
505,KNN,0.23856613102595797,0.6188118811881188,0.1286008230452675,0.21294718909710392,Test
506,DBSCAN,0.5,1.0,0.5,0.6666666666666666,Train
507,DBSCAN,0.1664606510094767,1.0,0.1664606510094767,0.28541151536559517,Test
508,SVM,0.9052610759493671,0.9076344936708861,0.9033464566929134,0.9054853985793212,Train
509,SVM,0.26740832303255047,0.7351485148514851,0.15091463414634146,0.25042158516020235,Test
510,IF,0.5220204925399964,0.5220204925399964,0.5220204925399964,0.5220204925399964,Train
511,IF,0.7414995640802092,0.20418848167539266,0.2125340599455041,0.2082777036048064,Test
512,LOF,0.5930253460363113,0.5930253460363113,0.5930253460363113,0.5930253460363113,Train
513,LOF,0.8683522231909329,0.40575916230366493,0.6739130434782609,0.5065359477124184,Test
514,KNN,0.9823836059680029,0.9649469710587812,0.9998137455764574,0.9820709842663738,Train
515,KNN,0.40889276373147343,0.6544502617801047,0.16960651289009498,0.26939655172413796,Test
516,DBSCAN,0.5,1.0,0.5,0.6666666666666666,Train
517,DBSCAN,0.16652136006974716,1.0,0.16652136006974716,0.28550074738415543,Test
518,SVM,0.903379471508179,0.8707531907244292,0.9315384615384615,0.9001207841679829,Train
519,SVM,0.2959895379250218,0.7958115183246073,0.16512764801738186,0.2735042735042735,Test
520,IF,0.5088612037199509,0.5088612037199509,0.5088612037199509,0.5088612037199509,Train
521,IF,0.7887473460721869,0.3471337579617834,0.3609271523178808,0.3538961038961039,Test
522,LOF,0.57817160905422,0.57817160905422,0.57817160905422,0.57817160905422,Train
523,LOF,0.9018046709129511,0.5063694267515924,0.8412698412698413,0.63220675944334,Test
524,KNN,0.9667485523776101,0.9334971047552202,1.0,0.9656048643252564,Train
525,KNN,0.7075371549893843,0.35987261146496813,0.24406047516198703,0.2908622908622908,Test
526,DBSCAN,0.5,1.0,0.5,0.6666666666666666,Train
527,DBSCAN,0.16666666666666666,1.0,0.16666666666666666,0.2857142857142857,Test
528,SVM,0.9065625548341815,0.9203369012107387,0.8956625683060109,0.9078321073128515,Train
529,SVM,0.4697452229299363,0.6369426751592356,0.18433179723502305,0.28591851322373124,Test
530,IF,0.5344503333903231,0.5344503333903231,0.5344503333903231,0.5344503333903231,Train
531,IF,0.754424778761062,0.24336283185840707,0.2534562211981567,0.24830699774266365,Test
532,LOF,0.5669345187211489,0.5669345187211489,0.5669345187211489,0.5669345187211489,Train
533,LOF,0.9026548672566371,0.5088495575221239,0.8455882352941176,0.6353591160220995,Test
534,KNN,0.977517524363139,0.955035048726278,1.0,0.9770004372540446,Train
535,KNN,0.3480825958702065,0.6769911504424779,0.15871369294605808,0.2571428571428572,Test
536,DBSCAN,0.5,1.0,0.5,0.6666666666666666,Train
537,DBSCAN,0.16666666666666666,1.0,0.16666666666666666,0.2857142857142857,Test
538,SVM,0.9134040006838776,0.8939989741836212,0.9300960512273212,0.9116903495771946,Train
539,SVM,0.3053097345132743,0.8097345132743363,0.16913123844731978,0.27981651376146793,Test
540,IF,0.6086496028243601,0.6086496028243601,0.6086496028243601,0.6086496028243601,Train
541,IF,0.8125,0.4174174174174174,0.434375,0.4257274119448698,Test
542,LOF,0.5936451897616947,0.5936451897616947,0.5936451897616947,0.5936451897616947,Train
543,LOF,0.8785,0.43543543543543545,0.725,0.5440900562851783,Test
544,KNN,0.9586054721977052,0.9172109443954104,1.0,0.9568179725623791,Train
545,KNN,0.6105,0.5825825825825826,0.23261390887290168,0.3324764353041988,Test
546,DBSCAN,0.5,1.0,0.5,0.6666666666666666,Train
547,DBSCAN,0.1665,1.0,0.1665,0.28546935276468066,Test
548,SVM,0.902206531332745,0.8370697263901148,0.9624517962248833,0.895392749244713,Train
549,SVM,0.4215,0.7897897897897898,0.1948148148148148,0.3125371360665478,Test
550,IF,0.46724658263802593,0.46724658263802593,0.46724658263802593,0.46724658263802593,Train
551,IF,0.7791666666666667,0.31875,0.33116883116883117,0.3248407643312102,Test
552,LOF,0.5831706018107581,0.5831706018107581,0.5831706018107581,0.5831706018107581,Train
553,LOF,0.8760416666666667,0.428125,0.7135416666666666,0.5351562499999999,Test
554,KNN,0.9603230960411858,0.9206461920823718,1.0,0.9586837970237545,Train
555,KNN,0.5182291666666666,0.528125,0.1792152704135737,0.2676167854315123,Test
556,DBSCAN,0.5,1.0,0.5,0.6666666666666666,Train
557,DBSCAN,0.16666666666666666,1.0,0.16666666666666666,0.2857142857142857,Test
558,SVM,0.9098171489437245,0.9028936623468844,0.9155715571557156,0.9091884161601717,Train
559,SVM,0.4505208333333333,0.703125,0.189873417721519,0.29900332225913623,Test
560,IF,0.4634748272458045,0.4634748272458045,0.4634748272458045,0.4634748272458045,Train
561,IF,0.7766393442622951,0.3103448275862069,0.32225063938618925,0.3161856963613551,Test
562,LOF,0.5411319512997697,0.5411319512997697,0.5411319512997697,0.5411319512997697,Train
563,LOF,0.8762295081967213,0.42857142857142855,0.7131147540983607,0.5353846153846153,Test
564,KNN,0.9736755511681474,0.9473511023362948,1.0,0.9729638391348429,Train
565,KNN,0.635655737704918,0.42857142857142855,0.20938628158844766,0.2813257881972514,Test
566,DBSCAN,0.5,1.0,0.5,0.6666666666666666,Train
567,DBSCAN,0.16639344262295083,1.0,0.16639344262295083,0.28531271960646526,Test
568,SVM,0.9240704179006252,0.9450477130635078,0.9069951050055266,0.9256304890822658,Train
569,SVM,0.40942622950819674,0.5738916256157636,0.1552298467688208,0.24436287362349243,Test
570,IF,0.558760152494613,0.558760152494613,0.558760152494613,0.558760152494613,Train
571,IF,0.7334167709637046,0.18045112781954886,0.1875,0.1839080459770115,Test
572,LOF,0.5425161611138737,0.5425161611138737,0.5425161611138737,0.5425161611138737,Train
573,LOF,0.8948685857321652,0.4849624060150376,0.80625,0.6056338028169015,Test
574,KNN,0.9739764627879993,0.9479529255759986,1.0,0.973281143635126,Train
575,KNN,0.681476846057572,0.39849624060150374,0.23296703296703297,0.29403606102635227,Test
576,DBSCAN,0.5,1.0,0.5,0.6666666666666666,Train
577,DBSCAN,0.16645807259073842,1.0,0.16645807259073842,0.2854077253218884,Test
578,SVM,0.9043593568705454,0.8534725675451682,0.9501753090976195,0.8992315752706951,Train
579,SVM,0.38172715894868586,0.7706766917293233,0.18109540636042404,0.2932761087267526,Test
580,IF,0.5823048565475236,0.5823048565475236,0.5823048565475236,0.5823048565475236,Train
581,IF,0.7391304347826086,0.19776119402985073,0.2054263565891473,0.20152091254752852,Test
582,LOF,0.5629107228722552,0.5629107228722552,0.5629107228722552,0.5629107228722552,Train
583,LOF,0.8975155279503105,0.4925373134328358,0.8198757763975155,0.6153846153846153,Test
584,KNN,0.9672223112678314,0.9344446225356627,1.0,0.9661115253956417,Train
585,KNN,0.4484472049689441,0.5485074626865671,0.16083150984682712,0.24873096446700507,Test
586,DBSCAN,0.5,1.0,0.5,0.6666666666666666,Train
587,DBSCAN,0.16645962732919253,1.0,0.16645962732919253,0.28541001064962723,Test
588,SVM,0.9156114761981087,0.8661644494309986,0.9612237637851299,0.9112216507882979,Train
589,SVM,0.3316770186335404,0.6044776119402985,0.1431095406360424,0.2314285714285714,Test
590,IF,0.5194737753159079,0.5194737753159079,0.5194737753159079,0.5194737753159079,Train
591,IF,0.7478813559322034,0.22391857506361323,0.2328042328042328,0.22827496757457846,Test
592,LOF,0.41405573827245973,0.41405573827245973,0.41405573827245973,0.4140557382724597,Train
593,LOF,0.8741525423728813,0.4223918575063613,0.7033898305084746,0.5278219395866455,Test
594,KNN,0.9815648260342739,0.9636489527436386,0.9994614003590664,0.9812285185511589,Train
595,KNN,0.463135593220339,0.6437659033078881,0.18333333333333332,0.2853919909757473,Test
596,DBSCAN,0.5,1.0,0.5,0.6666666666666666,Train
597,DBSCAN,0.16652542372881357,1.0,0.16652542372881357,0.2855067199418816,Test
598,SVM,0.9417517742773066,0.9314523108880042,0.9510427712972782,0.9411456055968518,Train
599,SVM,0.32372881355932204,0.7353689567430025,0.1622683885457608,0.26586936522539095,Test
600,IF,0.47596153846153844,0.47596153846153844,0.47596153846153844,0.47596153846153844,Train
601,IF,0.7764285714285715,0.3090128755364807,0.32142857142857145,0.31509846827133486,Test
602,LOF,0.5807360742705571,0.5807360742705571,0.5807360742705571,0.5807360742705571,Train
603,LOF,0.9107142857142857,0.5321888412017167,0.8857142857142857,0.6648793565683645,Test
604,KNN,0.9564820954907162,0.9129641909814323,1.0,0.9545021232342491,Train
605,KNN,0.48928571428571427,0.44206008583690987,0.14970930232558138,0.22366992399565686,Test
606,DBSCAN,0.5,1.0,0.5,0.6666666666666666,Train
607,DBSCAN,0.16642857142857143,1.0,0.16642857142857143,0.28536436007348437,Test
608,SVM,0.9030172413793104,0.909316976127321,0.8980026195153896,0.9036243822075782,Train
609,SVM,0.2907142857142857,0.6995708154506438,0.15009208103130756,0.24715693707354058,Test
610,IF,0.4935897435897436,0.4935897435897436,0.4935897435897436,0.4935897435897436,Train
611,IF,0.7424778761061946,0.2074468085106383,0.2154696132596685,0.21138211382113822,Test
612,LOF,0.5639462163852408,0.5639462163852408,0.5639462163852408,0.5639462163852408,Train
613,LOF,0.8849557522123894,0.45478723404255317,0.7566371681415929,0.5681063122923588,Test
614,KNN,0.9402751719824891,0.8807066916823014,0.9998225062122825,0.9364921030756441,Train
615,KNN,0.5154867256637168,0.3696808510638298,0.13941825476429287,0.202476329206118,Test
616,DBSCAN,0.5,1.0,0.5,0.6666666666666666,Train
617,DBSCAN,0.1663716814159292,1.0,0.1663716814159292,0.28528072837632773,Test
618,SVM,0.8896966854283928,0.8827392120075047,0.8951958141747265,0.8889238762497048,Train
619,SVM,0.31946902654867254,0.7712765957446809,0.16647531572904709,0.2738432483474976,Test
620,IF,0.5682811974436596,0.5682811974436596,0.5682811974436596,0.5682811974436596,Train
621,IF,0.7402985074626866,0.2007168458781362,0.208955223880597,0.20475319926873858,Test
622,LOF,0.5704675412041709,0.5704675412041709,0.5704675412041709,0.5704675412041709,Train
623,LOF,0.897910447761194,0.4946236559139785,0.8214285714285714,0.6174496644295302,Test
624,KNN,0.9702320887991928,0.9404641775983855,1.0,0.96931877275091,Train
625,KNN,0.5158208955223881,0.48028673835125446,0.1675,0.24837812789620023,Test
626,DBSCAN,0.5,1.0,0.5,0.6666666666666666,Train
627,DBSCAN,0.16656716417910447,1.0,0.16656716417910447,0.28556806550665303,Test
628,SVM,0.9033804238143289,0.8590649175916583,0.9426093375161468,0.8989001319841619,Train
629,SVM,0.4208955223880597,0.6810035842293907,0.17740429505135388,0.2814814814814815,Test
630,IF,0.5438383838383838,0.5438383838383838,0.5438383838383838,0.5438383838383838,Train
631,IF,0.7693911592994161,0.2882205513784461,0.2994791666666667,0.2937420178799489,Test
632,LOF,0.6139393939393939,0.6139393939393939,0.6139393939393939,0.6139393939393939,Train
633,LOF,0.8632193494578816,0.38847117794486213,0.6485355648535565,0.4858934169278996,Test
634,KNN,0.9641414141414142,0.9282828282828283,1.0,0.9628077527501309,Train
635,KNN,0.5638031693077564,0.5263157894736842,0.19681349578256796,0.28649386084583905,Test
636,DBSCAN,0.5,1.0,0.5,0.6666666666666666,Train
637,DBSCAN,0.1663886572143453,1.0,0.1663886572143453,0.28530568466213796,Test
638,SVM,0.9121212121212121,0.9056565656565656,0.917519443307409,0.9115494103294022,Train
639,SVM,0.5250208507089241,0.7243107769423559,0.21927162367223066,0.33663366336633666,Test
640,IF,0.5348915989159891,0.5348915989159891,0.5348915989159891,0.5348915989159891,Train
641,IF,0.7205414012738853,0.14114832535885166,0.14676616915422885,0.14390243902439023,Test
642,LOF,0.5857046070460704,0.5857046070460704,0.5857046070460704,0.5857046070460704,Train
643,LOF,0.875,0.4258373205741627,0.7063492063492064,0.5313432835820896,Test
644,KNN,0.9696815718157181,0.9395325203252033,0.9998197548666186,0.9687390848760042,Train
645,KNN,0.3160828025477707,0.5980861244019139,0.1388888888888889,0.22542831379621278,Test
646,DBSCAN,0.5,1.0,0.5,0.6666666666666666,Train
647,DBSCAN,0.1664012738853503,1.0,0.1664012738853503,0.2853242320819112,Test
648,SVM,0.9020155826558266,0.8900745257452575,0.9118514662502168,0.9008314048170052,Train
649,SVM,0.30613057324840764,0.6842105263157895,0.150764364786505,0.2470842332613391,Test
650,IF,0.5320137693631669,0.5320137693631669,0.5320137693631669,0.5320137693631669,Train
651,IF,0.768981648074847,0.28725701943844495,0.298876404494382,0.29295154185022027,Test
652,LOF,0.5834767641996558,0.5834767641996558,0.5834767641996558,0.5834767641996558,Train
653,LOF,0.8679381072328176,0.4038876889848812,0.6726618705035972,0.50472334682861,Test
654,KNN,0.9590361445783132,0.9180722891566265,1.0,0.957286432160804,Train
655,KNN,0.3296149694134581,0.5658747300215983,0.13617463617463618,0.21952241307080014,Test
656,DBSCAN,0.5,1.0,0.5,0.6666666666666666,Train
657,DBSCAN,0.16660669305505577,1.0,0.16660669305505577,0.28562615669339914,Test
658,SVM,0.8828743545611015,0.885197934595525,0.8811033064930615,0.8831458744741135,Train
659,SVM,0.249730118747751,0.6760259179265659,0.13923487544483987,0.23091110291405384,Test
660,IF,0.5045355020331561,0.5045355020331561,0.5045355020331561,0.5045355020331561,Train
661,IF,0.7687277051129607,0.2857142857142857,0.29739776951672864,0.29143897996357016,Test
662,LOF,0.5287769784172662,0.5287769784172662,0.5287769784172662,0.5287769784172662,Train
663,LOF,0.8947681331747919,0.4857142857142857,0.8047337278106509,0.6057906458797329,Test
664,KNN,0.9652017516421645,0.9304035032843291,1.0,0.9639471765373087,Train
665,KNN,0.38406658739595717,0.6857142857142857,0.16842105263157894,0.27042253521126763,Test
666,DBSCAN,0.5,1.0,0.5,0.6666666666666666,Train
667,DBSCAN,0.16646848989298454,1.0,0.16646848989298454,0.2854230377166157,Test
668,SVM,0.9325930559899906,0.9283703472005005,0.9362776025236593,0.9323072090466468,Train
669,SVM,0.30023781212841855,0.7357142857142858,0.1573720397249809,0.2592825676526117,Test
670,IF,0.47517092479309103,0.47517092479309103,0.47517092479309103,0.475170924793091,Train
671,IF,0.7129337539432177,0.11848341232227488,0.12315270935960591,0.12077294685990338,Test
672,LOF,0.5921194674343289,0.5921194674343289,0.5921194674343289,0.5921194674343289,Train
673,LOF,0.8675078864353313,0.4028436018957346,0.6692913385826772,0.5029585798816568,Test
674,KNN,0.9756207268801728,0.9516012954300108,0.9996219996219996,0.9750207392386394,Train
675,KNN,0.4069400630914827,0.5853080568720379,0.1567258883248731,0.24724724724724728,Test
676,DBSCAN,0.5,1.0,0.5,0.6666666666666666,Train
677,DBSCAN,0.16640378548895898,1.0,0.16640378548895898,0.2853279242731575,Test
678,SVM,0.9259625764663548,0.9048218783735157,0.9447679879767049,0.9243635695248599,Train
679,SVM,0.32413249211356465,0.7630331753554502,0.16632231404958678,0.2731128074639525,Test
680,IF,0.6167469318005282,0.6167469318005282,0.6167469318005282,0.6167469318005282,Train
681,IF,0.7562679819153308,0.24938271604938272,0.258974358974359,0.25408805031446546,Test
682,LOF,0.5229144011185335,0.5229144011185335,0.5229144011185335,0.5229144011185335,Train
683,LOF,0.8738183312782573,0.4222222222222222,0.7008196721311475,0.5269645608628659,Test
684,KNN,0.9398788255398478,0.8799130029516856,0.9998234774933804,0.9360436291522063,Train
685,KNN,0.5063707357172216,0.5679012345679012,0.18312101910828024,0.2769416014449127,Test
686,DBSCAN,0.5,1.0,0.5,0.6666666666666666,Train
687,DBSCAN,0.16646115906288533,1.0,0.16646115906288533,0.2854122621564482,Test
688,SVM,0.8740096318160634,0.7955569364610844,0.9436152570480929,0.8632838840188807,Train
689,SVM,0.29510891903000414,0.8444444444444444,0.1715145436308927,0.28511879949979163,Test
690,IF,0.4743782340176932,0.4743782340176932,0.4743782340176932,0.4743782340176932,Train
691,IF,0.7431539187913125,0.2096317280453258,0.2182890855457227,0.2138728323699422,Test
692,LOF,0.5521615756968786,0.5521615756968786,0.5521615756968786,0.5521615756968786,Train
693,LOF,0.8862134088762984,0.45892351274787535,0.7641509433962265,0.5734513274336283,Test
694,KNN,0.9737105658487731,0.9474211316975463,1.0,0.9730007714065312,Train
695,KNN,0.32577903682719545,0.5835694050991501,0.13853396099529253,0.22391304347826083,Test
696,DBSCAN,0.5,1.0,0.5,0.6666666666666666,Train
697,DBSCAN,0.16666666666666666,1.0,0.16666666666666666,0.2857142857142857,Test
698,SVM,0.9109497579702888,0.9043565348022033,0.9164411366711772,0.9103587330924976,Train
699,SVM,0.3404154863078376,0.6855524079320113,0.15837696335078533,0.2573099415204678,Test
700,IF,0.4804628542679859,0.4804628542679859,0.4804628542679859,0.4804628542679859,Train
701,IF,0.7471875,0.22138836772983114,0.23046875,0.22583732057416264,Test
702,LOF,0.5668287774610096,0.5668287774610096,0.5668287774610096,0.5668287774610096,Train
703,LOF,0.8859375,0.45778611632270166,0.7625,0.5720984759671746,Test
704,KNN,0.9715747107160825,0.9431494214321651,1.0,0.9707430741348062,Train
705,KNN,0.39375,0.6660412757973734,0.16769012753897025,0.2679245283018868,Test
706,DBSCAN,0.5,1.0,0.5,0.6666666666666666,Train
707,DBSCAN,0.1665625,1.0,0.1665625,0.2855612108223949,Test
708,SVM,0.9470065403320477,0.9537145732014087,0.9410888631474433,0.94735965350658,Train
709,SVM,0.3225,0.8330206378986866,0.1759809750297265,0.2905759162303665,Test
710,IF,0.48079727758872143,0.48079727758872143,0.48079727758872143,0.48079727758872143,Train
711,IF,0.745497259201253,0.2164705882352941,0.22493887530562348,0.22062350119904076,Test
712,LOF,0.5555015394587587,0.5555015394587587,0.5555015394587587,0.5555015394587587,Train
713,LOF,0.8813625685199686,0.4447058823529412,0.73828125,0.5550660792951542,Test
714,KNN,0.9628909415005672,0.9259439312915249,0.999825021872266,0.9614672724213361,Train
715,KNN,0.46045418950665623,0.7011764705882353,0.1923821820529374,0.3019250253292806,Test
716,DBSCAN,0.5,1.0,0.5,0.6666666666666666,Train
717,DBSCAN,0.1664056382145654,1.0,0.1664056382145654,0.2853306478684122,Test
718,SVM,0.9121698266083292,0.9024469291848971,0.9203437448355644,0.9113074783177875,Train
719,SVM,0.3766640563821457,0.7129411764705882,0.17089678510998307,0.27570518653321197,Test
720,IF,0.49557678697806085,0.49557678697806085,0.49557678697806085,0.49557678697806085,Train
721,IF,0.7362132352941176,0.1878453038674033,0.19540229885057472,0.19154929577464788,Test
722,LOF,0.5854564755838642,0.5854564755838642,0.5854564755838642,0.5854564755838642,Train
723,LOF,0.8722426470588235,0.4171270718232044,0.6926605504587156,0.5206896551724137,Test
724,KNN,0.9563871196036801,0.9127742392073602,1.0,0.9543982980297844,Train
725,KNN,0.46369485294117646,0.5220994475138122,0.15976331360946747,0.2446601941747573,Test
726,DBSCAN,0.5,1.0,0.5,0.6666666666666666,Train
727,DBSCAN,0.16636029411764705,1.0,0.16636029411764705,0.285263987391647,Test
728,SVM,0.9266631280962491,0.942144373673036,0.9138493221211601,0.92778116560676,Train
729,SVM,0.29044117647058826,0.6878453038674033,0.14821428571428572,0.24387855044074436,Test
730,IF,0.48162352189197827,0.48162352189197827,0.48162352189197827,0.48162352189197827,Train
731,IF,0.7177344475394615,0.13370473537604458,0.1391304347826087,0.13636363636363635,Test
732,LOF,0.5423457973793544,0.5423457973793544,0.5423457973793544,0.5423457973793544,Train
733,LOF,0.883008356545961,0.44846796657381616,0.7488372093023256,0.5609756097560975,Test
734,KNN,0.9724352828379674,0.9448705656759347,1.0,0.9716539314764604,Train
735,KNN,0.5580315691736305,0.6462395543175488,0.2194891201513718,0.3276836158192091,Test
736,DBSCAN,0.5,1.0,0.5,0.6666666666666666,Train
737,DBSCAN,0.16666666666666666,1.0,0.16666666666666666,0.2857142857142857,Test
738,SVM,0.9186641099392777,0.9082774049217002,0.9275456919060052,0.9178104311319232,Train
739,SVM,0.36629526462395545,0.7855153203342619,0.17961783439490445,0.29237947122861585,Test
740,IF,0.4527299081977774,0.4527299081977774,0.4527299081977774,0.4527299081977774,Train
741,IF,0.7745016611295681,0.30423940149625933,0.3160621761658031,0.3100381194409149,Test
742,LOF,0.5466258656788533,0.5466258656788533,0.5466258656788533,0.5466258656788533,Train
743,LOF,0.8770764119601329,0.4314214463840399,0.7178423236514523,0.5389408099688474,Test
744,KNN,0.9695603156708005,0.9392816878724433,0.9998285616320932,0.968609865470852,Train
745,KNN,0.44975083056478404,0.6059850374064838,0.1723404255319149,0.26836002208724463,Test
746,DBSCAN,0.5,1.0,0.5,0.6666666666666666,Train
747,DBSCAN,0.1665282392026578,1.0,0.1665282392026578,0.2855108579565682,Test
748,SVM,0.9214849412143662,0.9444354968593976,0.902987372959655,0.9232464772101078,Train
749,SVM,0.412375415282392,0.7556109725685786,0.18703703703703703,0.29985155863433943,Test
750,IF,0.5902921922401405,0.5902921922401405,0.5902921922401405,0.5902921922401405,Train
751,IF,0.7092488502810425,0.10736196319018405,0.11182108626198083,0.10954616588419405,Test
752,LOF,0.5570812709564107,0.5570812709564107,0.5570812709564107,0.5570812709564107,Train
753,LOF,0.883495145631068,0.450920245398773,0.75,0.5632183908045977,Test
754,KNN,0.9649528979722178,0.9299057959444356,1.0,0.9636799867626376,Train
755,KNN,0.5227388860500767,0.4233128834355828,0.15610859728506787,0.228099173553719,Test
756,DBSCAN,0.5,1.0,0.5,0.6666666666666666,Train
757,DBSCAN,0.1665815022994379,1.0,0.1665815022994379,0.2855891371003066,Test
758,SVM,0.9200862206610251,0.8966948746607057,0.9407035175879397,0.91817215727949,Train
759,SVM,0.21614716402657128,0.7852760736196319,0.14883720930232558,0.25024437927663734,Test
760,IF,0.5109333333333334,0.5109333333333334,0.5109333333333334,0.5109333333333334,Train
761,IF,0.7831758884390463,0.32972972972972975,0.34269662921348315,0.33608815426997246,Test
762,LOF,0.5644444444444444,0.5644444444444444,0.5644444444444444,0.5644444444444444,Train
763,LOF,0.8726945569050832,0.4189189189189189,0.695067264573991,0.5227655986509275,Test
764,KNN,0.9878222222222223,0.9758222222222223,0.9998178506375228,0.9876743139901034,Train
765,KNN,0.3153396311291048,0.6621621621621622,0.1492082825822168,0.24353876739562622,Test
766,DBSCAN,0.5,1.0,0.5,0.6666666666666666,Train
767,DBSCAN,0.1664417453891138,1.0,0.1664417453891138,0.2853837254145777,Test
768,SVM,0.8955555555555555,0.9077333333333333,0.8861506421381464,0.8968121542109422,Train
769,SVM,0.27125506072874495,0.745945945945946,0.15316315205327413,0.2541436464088398,Test
770,IF,0.5793092670729801,0.5793092670729801,0.5793092670729801,0.5793092670729801,Train
771,IF,0.7654784240150094,0.27605633802816903,0.2873900293255132,0.28160919540229884,Test
772,LOF,0.5246132208157525,0.5246132208157525,0.5246132208157525,0.5246132208157525,Train
773,LOF,0.8775797373358349,0.43380281690140843,0.719626168224299,0.5413005272407732,Test
774,KNN,0.9658540396937021,0.9317080793874043,1.0,0.9646468732303213,Train
775,KNN,0.4573170731707317,0.5154929577464789,0.1566780821917808,0.24031516743269862,Test
776,DBSCAN,0.5,1.0,0.5,0.6666666666666666,Train
777,DBSCAN,0.16651031894934334,1.0,0.16651031894934334,0.28548451950140735,Test
778,SVM,0.9231911236130645,0.9102984841381466,0.9343920436316971,0.9221879205256075,Train
779,SVM,0.27626641651031897,0.7633802816901408,0.15664739884393064,0.25995203836930453,Test
780,IF,0.4842454394693201,0.4842454394693201,0.4842454394693201,0.4842454394693201,Train
781,IF,0.6907826086956522,0.05219206680584551,0.05434782608695652,0.05324813631522897,Test
782,LOF,0.5097241067390321,0.5097241067390321,0.5097241067390321,0.5097241067390321,Train
783,LOF,0.8716521739130435,0.4154488517745303,0.6909722222222222,0.5189048239895698,Test
784,KNN,0.9808533092115181,0.9617066184230363,1.0,0.9804795573316938,Train
785,KNN,0.42156521739130437,0.5678496868475992,0.1574074074074074,0.24648844585410057,Test
786,DBSCAN,0.5,1.0,0.5,0.6666666666666666,Train
787,DBSCAN,0.1666086956521739,1.0,0.1666086956521739,0.2856290995825879,Test
788,SVM,0.9157244082617217,0.9199457259158752,0.9122439826580954,0.9160786668668368,Train
789,SVM,0.3227826086956522,0.5532359081419624,0.13263263263263264,0.2139685102947114,Test
790,IF,0.47733149456990176,0.47733149456990176,0.47733149456990176,0.4773314945699018,Train
791,IF,0.7473269555430501,0.22297297297297297,0.23157894736842105,0.2271944922547332,Test
792,LOF,0.5569729357007412,0.5569729357007412,0.5569729357007412,0.5569729357007412,Train
793,LOF,0.9020821609454136,0.5067567567567568,0.8426966292134831,0.6329113924050633,Test
794,KNN,0.9712118600241337,0.9424237200482676,1.0,0.9703585374511893,Train
795,KNN,0.5115362971299944,0.4966216216216216,0.1697459584295612,0.25301204819277107,Test
796,DBSCAN,0.5,1.0,0.5,0.6666666666666666,Train
797,DBSCAN,0.16657287563308948,1.0,0.16657287563308948,0.2855764592378196,Test
798,SVM,0.9241510084468195,0.8793311498017583,0.9659155462980497,0.9205919509113879,Train
799,SVM,0.4501969611705121,0.6756756756756757,0.18501387604070305,0.29048656499636893,Test
800,IF,0.49077723474696516,0.49077723474696516,0.49077723474696516,0.49077723474696516,Train
801,IF,0.7523234200743495,0.23743016759776536,0.2463768115942029,0.24182076813655765,Test
802,LOF,0.54737505912029,0.54737505912029,0.54737505912029,0.54737505912029,Train
803,LOF,0.8605947955390335,0.38268156424581007,0.6342592592592593,0.47735191637630664,Test
804,KNN,0.9665773293394293,0.9333123127857481,0.9998311096098632,0.9654272667971299,Train
805,KNN,0.4395910780669145,0.6536312849162011,0.1778115501519757,0.2795698924731183,Test
806,DBSCAN,0.5,1.0,0.5,0.6666666666666666,Train
807,DBSCAN,0.16635687732342008,1.0,0.16635687732342008,0.28525896414342633,Test
808,SVM,0.9118713542487782,0.95412265489516,0.8797790376508213,0.9154439570412947,Train
809,SVM,0.35920074349442377,0.6787709497206704,0.1612475116124751,0.26058981233243966,Test
810,IF,0.5454829634260706,0.5454829634260706,0.5454829634260706,0.5454829634260706,Train
811,IF,0.7296499367355547,0.16962025316455695,0.1763157894736842,0.1729032258064516,Test
812,LOF,0.5417317911847452,0.5417317911847452,0.5417317911847452,0.5417317911847452,Train
813,LOF,0.8574441164065795,0.3721518987341772,0.620253164556962,0.4651898734177215,Test
814,KNN,0.976789621756799,0.953579243513598,1.0,0.9762380990479238,Train
815,KNN,0.43821172501054406,0.5949367088607594,0.1670220326936745,0.26082130965593786,Test
816,DBSCAN,0.5,1.0,0.5,0.6666666666666666,Train
817,DBSCAN,0.1665963728384648,1.0,0.1665963728384648,0.28561099060014467,Test
818,SVM,0.9255236011253517,0.890121913097843,0.9579478553406223,0.9227902454832697,Train
819,SVM,0.3854913538591312,0.660759493670886,0.16477272727272727,0.2637695805962607,Test
820,IF,0.5176264156962833,0.5176264156962833,0.5176264156962833,0.5176264156962833,Train
821,IF,0.742949607027277,0.20833333333333334,0.21676300578034682,0.21246458923512748,Test
822,LOF,0.5444249481576009,0.5444249481576009,0.5444249481576009,0.5444249481576009,Train
823,LOF,0.8756356911696718,0.42777777777777776,0.7096774193548387,0.5337954939341422,Test
824,KNN,0.9613973520497687,0.9227947040995375,1.0,0.9598473535755766,Train
825,KNN,0.4831252889505317,0.6083333333333333,0.18311036789297658,0.2814910025706941,Test
826,DBSCAN,0.5,1.0,0.5,0.6666666666666666,Train
827,DBSCAN,0.1664355062413315,1.0,0.1664355062413315,0.28537455410225926,Test
828,SVM,0.9251076726750678,0.9280587015472962,0.9226133840786552,0.925328031809145,Train
829,SVM,0.3615349052242256,0.7583333333333333,0.1742182514358647,0.2833419823559938,Test
830,IF,0.4837556350069952,0.4837556350069952,0.4837556350069952,0.4837556350069952,Train
831,IF,0.7321552321552321,0.17671517671517672,0.18398268398268397,0.18027571580063628,Test
832,LOF,0.5471786102906886,0.5471786102906886,0.5471786102906886,0.5471786102906886,Train
833,LOF,0.8752598752598753,0.4261954261954262,0.7093425605536332,0.5324675324675325,Test
834,KNN,0.9502564899735738,0.9005129799471475,1.0,0.9476525437592017,Train
835,KNN,0.42065142065142064,0.3804573804573805,0.11753371868978806,0.17958783120706576,Test
836,DBSCAN,0.5,1.0,0.5,0.6666666666666666,Train
837,DBSCAN,0.16666666666666666,1.0,0.16666666666666666,0.2857142857142857,Test
838,SVM,0.9093735426706047,0.8871444116275454,0.9284203676590207,0.9073131955484897,Train
839,SVM,0.35654885654885654,0.5571725571725572,0.1401673640167364,0.22398662766402005,Test
840,IF,0.45457644452019774,0.45457644452019774,0.45457644452019774,0.45457644452019774,Train
841,IF,0.7477820025348543,0.2233502538071066,0.23218997361477572,0.2276843467011643,Test
842,LOF,0.5912732231123231,0.5912732231123231,0.5912732231123231,0.5912732231123231,Train
843,LOF,0.8821292775665399,0.4467005076142132,0.7426160337552743,0.5578446909667195,Test
844,KNN,0.9520197716038862,0.9040395432077722,1.0,0.9496016471220123,Train
845,KNN,0.394169835234474,0.6065989847715736,0.15744400527009222,0.24999999999999997,Test
846,DBSCAN,0.5,1.0,0.5,0.6666666666666666,Train
847,DBSCAN,0.16645542881284325,1.0,0.16645542881284325,0.2854038391886997,Test
848,SVM,0.9031873189023351,0.9013124254303733,0.904704875962361,0.9030054644808744,Train
849,SVM,0.3417828474862695,0.7284263959390863,0.16513233601841196,0.2692307692307692,Test
850,IF,0.5198880377136122,0.5198880377136122,0.5198880377136122,0.5198880377136122,Train
851,IF,0.7417777777777778,0.20533333333333334,0.21388888888888888,0.20952380952380953,Test
852,LOF,0.5044195639363582,0.5044195639363582,0.5044195639363582,0.5044195639363582,Train
853,LOF,0.8622222222222222,0.38666666666666666,0.6444444444444445,0.4833333333333334,Test
854,KNN,0.9782704773129052,0.9565409546258102,1.0,0.977787817182441,Train
855,KNN,0.5866666666666667,0.6266666666666667,0.22926829268292684,0.33571428571428574,Test
856,DBSCAN,0.5,1.0,0.5,0.6666666666666666,Train
857,DBSCAN,0.16666666666666666,1.0,0.16666666666666666,0.2857142857142857,Test
858,SVM,0.9611814967589865,0.9444608131997643,0.9771376314586191,0.9605213873698404,Train
859,SVM,0.384,0.728,0.17533718689788053,0.2826086956521739,Test
860,IF,0.43139174416707454,0.43139174416707454,0.43139174416707454,0.43139174416707454,Train
861,IF,0.7498379779650033,0.22957198443579765,0.2388663967611336,0.23412698412698413,Test
862,LOF,0.561429270680372,0.561429270680372,0.561429270680372,0.561429270680372,Train
863,LOF,0.9053791315618924,0.5175097276264592,0.8580645161290322,0.6456310679611651,Test
864,KNN,0.975607766356665,0.95121553271333,1.0,0.9749979095242077,Train
865,KNN,0.23979261179520414,0.7315175097276264,0.14551083591331268,0.2427372498386055,Test
866,DBSCAN,0.5,1.0,0.5,0.6666666666666666,Train
867,DBSCAN,0.16655865197666883,1.0,0.16655865197666883,0.28555555555555556,Test
868,SVM,0.9314733235438081,0.9358786098874204,0.9277049975739932,0.9317738791423001,Train
869,SVM,0.24886584575502269,0.7587548638132295,0.15092879256965944,0.25177533892834086,Test
870,IF,0.48477550318252194,0.48477550318252194,0.48477550318252194,0.48477550318252194,Train
871,IF,0.7234206471494607,0.15046296296296297,0.15625,0.15330188679245285,Test
872,LOF,0.5917770514364356,0.5917770514364356,0.5917770514364356,0.5917770514364356,Train
873,LOF,0.8775038520801233,0.43287037037037035,0.7192307692307692,0.5404624277456648,Test
874,KNN,0.9636160330294168,0.9272320660588337,1.0,0.9622422565384273,Train
875,KNN,0.4772727272727273,0.5833333333333334,0.17634709587123862,0.2708221386351424,Test
876,DBSCAN,0.5,1.0,0.5,0.6666666666666666,Train
877,DBSCAN,0.16640986132511557,1.0,0.16640986132511557,0.2853368560105681,Test
878,SVM,0.9226733184242216,0.8878376053672802,0.9543269230769231,0.9198823634257195,Train
879,SVM,0.3501540832049307,0.7083333333333334,0.1638993036957686,0.2662026968247064,Test
880,IF,0.4648115191716551,0.4648115191716551,0.4648115191716551,0.46481151917165503,Train
881,IF,0.7476515798462853,0.2230769230769231,0.232,0.22745098039215686,Test
882,LOF,0.5296877527908106,0.5296877527908106,0.5296877527908106,0.5296877527908106,Train
883,LOF,0.8646456020495303,0.39487179487179486,0.6553191489361702,0.49279999999999996,Test
884,KNN,0.9796958420967481,0.9595534703122472,0.9998314227916386,0.9792784611574342,Train
885,KNN,0.42356959863364646,0.49743589743589745,0.14391691394658754,0.22324510932105868,Test
886,DBSCAN,0.5,1.0,0.5,0.6666666666666666,Train
887,DBSCAN,0.16652433817250215,1.0,0.16652433817250215,0.2855051244509517,Test
888,SVM,0.9372269859246076,0.9228280213557677,0.9501915708812261,0.9363099146421536,Train
889,SVM,0.32023911187019644,0.7435897435897436,0.1627384960718294,0.26703499079189685,Test
890,IF,0.492156862745098,0.492156862745098,0.492156862745098,0.492156862745098,Train
891,IF,0.7541899441340782,0.2431865828092243,0.25272331154684097,0.24786324786324787,Test
892,LOF,0.5406862745098039,0.5406862745098039,0.5406862745098039,0.5406862745098039,Train
893,LOF,0.8701117318435754,0.4109014675052411,0.6829268292682927,0.5130890052356022,Test
894,KNN,0.9848039215686275,0.9696078431372549,1.0,0.9845694375311099,Train
895,KNN,0.45006983240223464,0.6331236897274634,0.17743830787309048,0.2771913721890776,Test
896,DBSCAN,0.5,1.0,0.5,0.6666666666666666,Train
897,DBSCAN,0.16655027932960895,1.0,0.16655027932960895,0.28554325052379526,Test
898,SVM,0.9211601307189542,0.9063725490196078,0.9339956221586125,0.9199767808275976,Train
899,SVM,0.36312849162011174,0.6582809224318659,0.1589873417721519,0.2561174551386623,Test
900,IF,0.4881533101045296,0.4881533101045296,0.4881533101045296,0.4881533101045296,Train
901,IF,0.7715627668659265,0.2948717948717949,0.30666666666666664,0.3006535947712418,Test
902,LOF,0.573170731707317,0.573170731707317,0.573170731707317,0.573170731707317,Train
903,LOF,0.8663535439795047,0.4,0.6638297872340425,0.4992,Test
904,KNN,0.9695121951219512,0.9393728222996516,0.9996292176492398,0.9685647566014011,Train
905,KNN,0.5661827497865073,0.5307692307692308,0.19903846153846153,0.2895104895104895,Test
906,DBSCAN,0.5,1.0,0.5,0.6666666666666666,Train
907,DBSCAN,0.16652433817250215,1.0,0.16652433817250215,0.2855051244509517,Test
908,SVM,0.9087979094076655,0.8900696864111498,0.9247058823529412,0.9070572569906791,Train
909,SVM,0.5111016225448335,0.6256410256410256,0.19629927594529364,0.2988364972443356,Test
910,IF,0.49918904307082357,0.49918904307082357,0.49918904307082357,0.49918904307082357,Train
911,IF,0.7607232968881413,0.26262626262626265,0.27296587926509186,0.26769626769626775,Test
912,LOF,0.5665885745179312,0.5665885745179312,0.5665885745179312,0.5665885745179312,Train
913,LOF,0.8687973086627419,0.4065656565656566,0.6764705882352942,0.5078864353312303,Test
914,KNN,0.9723373580825374,0.9446747161650748,1.0,0.9715503660457789,Train
915,KNN,0.5311185870479395,0.5303030303030303,0.18437225636523266,0.2736156351791531,Test
916,DBSCAN,0.5,1.0,0.5,0.6666666666666666,Train
917,DBSCAN,0.1665264928511354,1.0,0.1665264928511354,0.28550829127613553,Test
918,SVM,0.9228689854027753,0.8915119841412867,0.9511632378388771,0.9203720930232557,Train
919,SVM,0.48486122792262404,0.7171717171717171,0.2032927702219041,0.31678750697155605,Test
920,IF,0.514424536896447,0.514424536896447,0.514424536896447,0.514424536896447,Train
921,IF,0.7629097440502919,0.2695417789757412,0.2801120448179272,0.27472527472527475,Test
922,LOF,0.5037959307622228,0.5037959307622228,0.5037959307622228,0.5037959307622228,Train
923,LOF,0.8688819039066008,0.40700808625336926,0.6771300448430493,0.5084175084175084,Test
924,KNN,0.9597631339204373,0.9195262678408745,1.0,0.9580762537573168,Train
925,KNN,0.5172878311629996,0.4609164420485175,0.16347992351816443,0.24135497529992941,Test
926,DBSCAN,0.5,1.0,0.5,0.6666666666666666,Train
927,DBSCAN,0.16659182757072294,1.0,0.16659182757072294,0.285604311008468,Test
928,SVM,0.916109930154874,0.8730640753112663,0.955308190729357,0.9123363744545815,Train
929,SVM,0.39604849573417156,0.5929919137466307,0.15558698727015557,0.2464985994397759,Test
930,IF,0.5071082643336978,0.5071082643336978,0.5071082643336978,0.5071082643336978,Train
931,IF,0.7354312354312355,0.1864801864801865,0.1941747572815534,0.19024970273483946,Test
932,LOF,0.543508826745821,0.543508826745821,0.543508826745821,0.543508826745821,Train
933,LOF,0.8822843822843823,0.44755244755244755,0.7441860465116279,0.5589519650655022,Test
934,KNN,0.9653179190751445,0.930635838150289,1.0,0.9640718562874252,Train
935,KNN,0.3162393162393162,0.6317016317016317,0.14468766684463427,0.23544743701129453,Test
936,DBSCAN,0.5,1.0,0.5,0.6666666666666666,Train
937,DBSCAN,0.16666666666666666,1.0,0.16666666666666666,0.2857142857142857,Test
938,SVM,0.9000156225589752,0.8570535853772848,0.9376175012818322,0.8955272608553706,Train
939,SVM,0.2641802641802642,0.6946386946386947,0.1445900048520136,0.23935742971887553,Test
940,IF,0.5549536956141884,0.5549536956141884,0.5549536956141884,0.5549536956141884,Train
941,IF,0.7734319943622269,0.30021141649048627,0.31277533039647576,0.3063646170442287,Test
942,LOF,0.5886772671675694,0.5886772671675694,0.5886772671675694,0.5886772671675694,Train
943,LOF,0.8777307963354475,0.4334038054968288,0.721830985915493,0.5416116248348746,Test
944,KNN,0.9645290931329722,0.9290581862659444,1.0,0.9632246376811594,Train
945,KNN,0.4355179704016913,0.5813953488372093,0.16378796902918405,0.2555762081784387,Test
946,DBSCAN,0.5,1.0,0.5,0.6666666666666666,Train
947,DBSCAN,0.16666666666666666,1.0,0.16666666666666666,0.2857142857142857,Test
948,SVM,0.8953346147125634,0.8610868425650883,0.9244044269367848,0.8916229419214763,Train
949,SVM,0.427061310782241,0.7103594080338267,0.1841095890410959,0.2924281984334204,Test
950,IF,0.5327239488117002,0.5327239488117002,0.5327239488117002,0.5327239488117002,Train
951,IF,0.7869546802202456,0.34096692111959287,0.3544973544973545,0.3476005188067445,Test
952,LOF,0.5747714808043876,0.5747714808043876,0.5747714808043876,0.5747714808043876,Train
953,LOF,0.8835239305379077,0.45038167938931295,0.75,0.5627980922098569,Test
954,KNN,0.9747714808043876,0.9495429616087752,1.0,0.9741185296324081,Train
955,KNN,0.4921643371452774,0.4961832061068702,0.16304347826086957,0.24543738200125867,Test
956,DBSCAN,0.5,1.0,0.5,0.6666666666666666,Train
957,DBSCAN,0.16645489199491742,1.0,0.16645489199491742,0.28540305010893247,Test
958,SVM,0.8985374771480804,0.8797074954296161,0.9141337386018237,0.8965902738960314,Train
959,SVM,0.289707750952986,0.8015267175572519,0.164576802507837,0.2730819245773732,Test
960,IF,0.551997463538364,0.551997463538364,0.551997463538364,0.551997463538364,Train
961,IF,0.7494212962962963,0.22916666666666666,0.23826714801444043,0.2336283185840708,Test
962,LOF,0.5504121750158529,0.5504121750158529,0.5504121750158529,0.5504121750158529,Train
963,LOF,0.8929398148148148,0.4791666666666667,0.7976878612716763,0.5986984815618221,Test
964,KNN,0.9833544705136334,0.966708941027267,1.0,0.9830727067547962,Train
965,KNN,0.5376157407407407,0.6458333333333334,0.21064552661381652,0.31767719897523483,Test
966,DBSCAN,0.5,1.0,0.5,0.6666666666666666,Train
967,DBSCAN,0.16666666666666666,1.0,0.16666666666666666,0.2857142857142857,Test
968,SVM,0.9008402029169309,0.8275206087507927,0.9697194872747539,0.8929946112394149,Train
969,SVM,0.3605324074074074,0.8020833333333334,0.18060985144644254,0.29483088704530946,Test
970,IF,0.4598160041659434,0.4598160041659434,0.4598160041659434,0.4598160041659434,Train
971,IF,0.7795918367346939,0.3188010899182561,0.3314447592067989,0.325,Test
972,LOF,0.580975525082451,0.580975525082451,0.580975525082451,0.580975525082451,Train
973,LOF,0.8721088435374149,0.41689373297002724,0.6923076923076923,0.5204081632653061,Test
974,KNN,0.9571254990453046,0.9142509980906093,1.0,0.9552049328980776,Train
975,KNN,0.5405895691609978,0.40599455040871935,0.15783898305084745,0.22730739893211288,Test
976,DBSCAN,0.5,1.0,0.5,0.6666666666666666,Train
977,DBSCAN,0.16643990929705216,1.0,0.16643990929705216,0.2853810264385692,Test
978,SVM,0.9173754556500607,0.9170282936990106,0.9176654507556019,0.917346761590554,Train
979,SVM,0.3600907029478458,0.7574931880108992,0.17375,0.28266395526182003,Test
980,IF,0.4546031746031746,0.4546031746031746,0.4546031746031746,0.4546031746031746,Train
981,IF,0.7623138602520045,0.26804123711340205,0.2785714285714286,0.2732049036777583,Test
982,LOF,0.566031746031746,0.566031746031746,0.566031746031746,0.566031746031746,Train
983,LOF,0.8946162657502864,0.4845360824742268,0.8057142857142857,0.6051502145922747,Test
984,KNN,0.9371428571428572,0.8744444444444445,0.9998185117967332,0.9329381879762912,Train
985,KNN,0.6506300114547537,0.48109965635738833,0.2337228714524207,0.3146067415730337,Test
986,DBSCAN,0.5,1.0,0.5,0.6666666666666666,Train
987,DBSCAN,0.16666666666666666,1.0,0.16666666666666666,0.2857142857142857,Test
988,SVM,0.9395238095238095,0.9633333333333334,0.9195454545454546,0.9409302325581397,Train
989,SVM,0.47995418098510884,0.7250859106529209,0.2030798845043311,0.31729323308270674,Test
990,IF,0.5281329923273658,0.5281329923273658,0.5281329923273658,0.5281329923273658,Train
991,IF,0.7376509330406147,0.1934065934065934,0.2009132420091324,0.19708846584546474,Test
992,LOF,0.5634590792838875,0.5634590792838875,0.5634590792838875,0.5634590792838875,Train
993,LOF,0.8690084156604464,0.4065934065934066,0.6776556776556777,0.5082417582417582,Test
994,KNN,0.9514066496163683,0.9028132992327366,1.0,0.9489247311827957,Train
995,KNN,0.4573728503476034,0.5692307692307692,0.16752910737386806,0.2588705647176412,Test
996,DBSCAN,0.5,1.0,0.5,0.6666666666666666,Train
997,DBSCAN,0.16648371752652763,1.0,0.16648371752652763,0.28544542032622333,Test
998,SVM,0.9223145780051151,0.9138427109974424,0.9295934959349593,0.9216508141221988,Train
999,SVM,0.3699231613611416,0.6725274725274726,0.16285258116019158,0.26221079691516713,Test
